approp_id,chapter_year,program,fund,approp_amount,reapprop_amount,enacted_page
21713,2023,ADULT CAREER AND CONTINUING EDUCATION SERVICES PROGRAM,General Fund; Local Assistance Account - 10000,54000000.0,49105000,217
21741,2023,ADULT CAREER AND CONTINUING EDUCATION SERVICES PROGRAM,General Fund; Local Assistance Account - 10000,15160000.0,15160000,263
21854,2023,ADULT CAREER AND CONTINUING EDUCATION SERVICES PROGRAM,General Fund; Local Assistance Account - 10000,1000000.0,1000000,263
21856,2023,ADULT CAREER AND CONTINUING EDUCATION SERVICES PROGRAM,General Fund; Local Assistance Account - 10000,16000000.0,11827000,263
23410,2023,ADULT CAREER AND CONTINUING EDUCATION SERVICES PROGRAM,General Fund; Local Assistance Account - 10000,7793000.0,7793000,263
23411,2023,ADULT CAREER AND CONTINUING EDUCATION SERVICES PROGRAM,General Fund; Local Assistance Account - 10000,1843000.0,1843000,263
21713,2022,ADULT CAREER AND CONTINUING EDUCATION SERVICES PROGRAM,General Fund; Local Assistance Account - 10000,54000000.0,32822000,263
21741,2022,ADULT CAREER AND CONTINUING EDUCATION SERVICES PROGRAM,General Fund; Local Assistance Account - 10000,15160000.0,11161000,263
21854,2022,ADULT CAREER AND CONTINUING EDUCATION SERVICES PROGRAM,General Fund; Local Assistance Account - 10000,1000000.0,323000,263
21856,2022,ADULT CAREER AND CONTINUING EDUCATION SERVICES PROGRAM,General Fund; Local Assistance Account - 10000,16000000.0,2550000,263
23410,2022,ADULT CAREER AND CONTINUING EDUCATION SERVICES PROGRAM,General Fund; Local Assistance Account - 10000,7793000.0,2610000,264
23411,2022,ADULT CAREER AND CONTINUING EDUCATION SERVICES PROGRAM,General Fund; Local Assistance Account - 10000,1843000.0,840000,264
21713,2021,ADULT CAREER AND CONTINUING EDUCATION SERVICES PROGRAM,General Fund; Local Assistance Account - 10000,54000000.0,5298000,264
21741,2021,ADULT CAREER AND CONTINUING EDUCATION SERVICES PROGRAM,General Fund; Local Assistance Account - 10000,15160000.0,5845000,264
21856,2021,ADULT CAREER AND CONTINUING EDUCATION SERVICES PROGRAM,General Fund; Local Assistance Account - 10000,13361000.0,131000,264
23410,2021,ADULT CAREER AND CONTINUING EDUCATION SERVICES PROGRAM,General Fund; Local Assistance Account - 10000,6293000.0,335000,264
23411,2021,ADULT CAREER AND CONTINUING EDUCATION SERVICES PROGRAM,General Fund; Local Assistance Account - 10000,1843000.0,4000,264
21713,2020,ADULT CAREER AND CONTINUING EDUCATION SERVICES PROGRAM,General Fund; Local Assistance Account - 10000,54000000.0,5000,264
21741,2020,ADULT CAREER AND CONTINUING EDUCATION SERVICES PROGRAM,General Fund; Local Assistance Account - 10000,15160000.0,241000,265
23410,2020,ADULT CAREER AND CONTINUING EDUCATION SERVICES PROGRAM,General Fund; Local Assistance Account - 10000,6293000.0,169000,265
23411,2020,ADULT CAREER AND CONTINUING EDUCATION SERVICES PROGRAM,General Fund; Local Assistance Account - 10000,1843000.0,159000,265
23410,2019,ADULT CAREER AND CONTINUING EDUCATION SERVICES PROGRAM,General Fund; Local Assistance Account - 10000,6293000.0,482000,265
23411,2019,ADULT CAREER AND CONTINUING EDUCATION SERVICES PROGRAM,General Fund; Local Assistance Account - 10000,1843000.0,10000,265
23410,2018,ADULT CAREER AND CONTINUING EDUCATION SERVICES PROGRAM,General Fund; Local Assistance Account - 10000,6293000.0,47000,265
23411,2018,ADULT CAREER AND CONTINUING EDUCATION SERVICES PROGRAM,General Fund; Local Assistance Account - 10000,1843000.0,24000,265
23410,2017,ADULT CAREER AND CONTINUING EDUCATION SERVICES PROGRAM,General Fund; Local Assistance Account - 10000,6293000.0,207000,266
21713,2023,ADULT CAREER AND CONTINUING EDUCATION SERVICES PROGRAM,Special Revenue Funds - Federal; Federal Education Fund; Federal Department of Education Account - 25210,70000000.0,70000000,266
21734,2023,ADULT CAREER AND CONTINUING EDUCATION SERVICES PROGRAM,Special Revenue Funds - Federal; Federal Education Fund; Federal Department of Education Account - 25210,48704000.0,46861000,266
21741,2023,ADULT CAREER AND CONTINUING EDUCATION SERVICES PROGRAM,Special Revenue Funds - Federal; Federal Education Fund; Federal Department of Education Account - 25210,2500000.0,2500000,266
21856,2023,ADULT CAREER AND CONTINUING EDUCATION SERVICES PROGRAM,Special Revenue Funds - Federal; Federal Education Fund; Federal Department of Education Account - 25210,2572000.0,2572000,266
21713,2022,ADULT CAREER AND CONTINUING EDUCATION SERVICES PROGRAM,Special Revenue Funds - Federal; Federal Education Fund; Federal Department of Education Account - 25210,70000000.0,57600000,266
21734,2022,ADULT CAREER AND CONTINUING EDUCATION SERVICES PROGRAM,Special Revenue Funds - Federal; Federal Education Fund; Federal Department of Education Account - 25210,48704000.0,35274000,266
21741,2022,ADULT CAREER AND CONTINUING EDUCATION SERVICES PROGRAM,Special Revenue Funds - Federal; Federal Education Fund; Federal Department of Education Account - 25210,2500000.0,1645000,266
21856,2022,ADULT CAREER AND CONTINUING EDUCATION SERVICES PROGRAM,Special Revenue Funds - Federal; Federal Education Fund; Federal Department of Education Account - 25210,2572000.0,2513000,266
21713,2021,ADULT CAREER AND CONTINUING EDUCATION SERVICES PROGRAM,Special Revenue Funds - Federal; Federal Education Fund; Federal Department of Education Account - 25210,70000000.0,56703000,267
21734,2021,ADULT CAREER AND CONTINUING EDUCATION SERVICES PROGRAM,Special Revenue Funds - Federal; Federal Education Fund; Federal Department of Education Account - 25210,48704000.0,10764000,267
21852,2023,ADULT CAREER AND CONTINUING EDUCATION SERVICES PROGRAM,Special Revenue Funds - Other; Miscellaneous Special Revenue Fund; VESID Social Security Account - 22001,6871000.0,6871000,267
21852,2022,ADULT CAREER AND CONTINUING EDUCATION SERVICES PROGRAM,Special Revenue Funds - Other; Miscellaneous Special Revenue Fund; VESID Social Security Account - 22001,6871000.0,6099000,267
21852,2021,ADULT CAREER AND CONTINUING EDUCATION SERVICES PROGRAM,Special Revenue Funds - Other; Miscellaneous Special Revenue Fund; VESID Social Security Account - 22001,11760000.0,5737000,267
21852,2020,ADULT CAREER AND CONTINUING EDUCATION SERVICES PROGRAM,Special Revenue Funds - Other; Miscellaneous Special Revenue Fund; VESID Social Security Account - 22001,11760000.0,5376000,267
21852,2019,ADULT CAREER AND CONTINUING EDUCATION SERVICES PROGRAM,Special Revenue Funds - Other; Miscellaneous Special Revenue Fund; VESID Social Security Account - 22001,11760000.0,11760000,267
21852,2023,ADULT CAREER AND CONTINUING EDUCATION SERVICES PROGRAM,Special Revenue Funds - Other; Vocational Rehabilitation Fund; Vocational Rehabilitation Account - 23051,698000.0,698000,267
21852,2022,ADULT CAREER AND CONTINUING EDUCATION SERVICES PROGRAM,Special Revenue Funds - Other; Vocational Rehabilitation Fund; Vocational Rehabilitation Account - 23051,698000.0,652000,267
21852,2021,ADULT CAREER AND CONTINUING EDUCATION SERVICES PROGRAM,Special Revenue Funds - Other; Vocational Rehabilitation Fund; Vocational Rehabilitation Account - 23051,698000.0,672000,267
21852,2020,ADULT CAREER AND CONTINUING EDUCATION SERVICES PROGRAM,Special Revenue Funds - Other; Vocational Rehabilitation Fund; Vocational Rehabilitation Account - 23051,698000.0,694000,267
21852,2019,ADULT CAREER AND CONTINUING EDUCATION SERVICES PROGRAM,Special Revenue Funds - Other; Vocational Rehabilitation Fund; Vocational Rehabilitation Account - 23051,698000.0,696000,268
21846,2023,CULTURAL EDUCATION PROGRAM,General Fund; Local Assistance Account - 10000,96127000.0,11237000,268
21848,2023,CULTURAL EDUCATION PROGRAM,General Fund; Local Assistance Account - 10000,14027000.0,1403000,268
55912,2023,CULTURAL EDUCATION PROGRAM,General Fund; Local Assistance Account - 10000,375000.0,375000,268
55942,2023,CULTURAL EDUCATION PROGRAM,General Fund; Local Assistance Account - 10000,112500.0,112500,268
21846,2022,CULTURAL EDUCATION PROGRAM,General Fund; Local Assistance Account - 10000,96127000.0,136000,268
55912,2022,CULTURAL EDUCATION PROGRAM,General Fund; Local Assistance Account - 10000,375000.0,375000,268
55942,2022,CULTURAL EDUCATION PROGRAM,General Fund; Local Assistance Account - 10000,112500.0,112500,268
55942,2021,CULTURAL EDUCATION PROGRAM,General Fund; Local Assistance Account - 10000,75000.0,43000,268
55942,2020,CULTURAL EDUCATION PROGRAM,General Fund; Local Assistance Account - 10000,75000.0,46000,268
21846,2019,CULTURAL EDUCATION PROGRAM,General Fund; Local Assistance Account - 10000,91627000.0,188000,268
55942,2017,CULTURAL EDUCATION PROGRAM,General Fund; Local Assistance Account - 10000,75000.0,75000,269
21851,2023,CULTURAL EDUCATION PROGRAM,Special Revenue Funds - Federal; Federal Miscellaneous Operating Grants Fund; Federal Operating Grants Account - 25456,5400000.0,5400000,269
21851,2022,CULTURAL EDUCATION PROGRAM,Special Revenue Funds - Federal; Federal Miscellaneous Operating Grants Fund; Federal Operating Grants Account - 25456,5400000.0,3832000,269
21851,2021,CULTURAL EDUCATION PROGRAM,Special Revenue Funds - Federal; Federal Miscellaneous Operating Grants Fund; Federal Operating Grants Account - 25456,5400000.0,392000,269
21851,2020,CULTURAL EDUCATION PROGRAM,Special Revenue Funds - Federal; Federal Miscellaneous Operating Grants Fund; Federal Operating Grants Account - 25456,5400000.0,1514000,269
21851,2019,CULTURAL EDUCATION PROGRAM,Special Revenue Funds - Federal; Federal Miscellaneous Operating Grants Fund; Federal Operating Grants Account - 25456,5400000.0,247000,269
21849,2023,CULTURAL EDUCATION PROGRAM,Special Revenue Funds - Other; New York State Local Government Records Management Improvement Fund; Local Government Records Management Account - 20501,8346000.0,8346000,269
21850,2023,CULTURAL EDUCATION PROGRAM,Special Revenue Funds - Other; New York State Local Government Records Management Improvement Fund; Local Government Records Management Account - 20501,461000.0,442000,269
21849,2022,CULTURAL EDUCATION PROGRAM,Special Revenue Funds - Other; New York State Local Government Records Management Improvement Fund; Local Government Records Management Account - 20501,8346000.0,3389000,270
21850,2022,CULTURAL EDUCATION PROGRAM,Special Revenue Funds - Other; New York State Local Government Records Management Improvement Fund; Local Government Records Management Account - 20501,461000.0,393000,270
21849,2021,CULTURAL EDUCATION PROGRAM,Special Revenue Funds - Other; New York State Local Government Records Management Improvement Fund; Local Government Records Management Account - 20501,8346000.0,3611000,270
21850,2021,CULTURAL EDUCATION PROGRAM,Special Revenue Funds - Other; New York State Local Government Records Management Improvement Fund; Local Government Records Management Account - 20501,461000.0,372000,270
21849,2020,CULTURAL EDUCATION PROGRAM,Special Revenue Funds - Other; New York State Local Government Records Management Improvement Fund; Local Government Records Management Account - 20501,8346000.0,8346000,270
21850,2020,CULTURAL EDUCATION PROGRAM,Special Revenue Funds - Other; New York State Local Government Records Management Improvement Fund; Local Government Records Management Account - 20501,461000.0,388000,270
21849,2019,CULTURAL EDUCATION PROGRAM,Special Revenue Funds - Other; New York State Local Government Records Management Improvement Fund; Local Government Records Management Account - 20501,8346000.0,5255000,270
21850,2019,CULTURAL EDUCATION PROGRAM,Special Revenue Funds - Other; New York State Local Government Records Management Improvement Fund; Local Government Records Management Account - 20501,461000.0,9000,270
21849,2018,CULTURAL EDUCATION PROGRAM,Special Revenue Funds - Other; New York State Local Government Records Management Improvement Fund; Local Government Records Management Account - 20501,8346000.0,2651000,270
21849,2017,CULTURAL EDUCATION PROGRAM,Special Revenue Funds - Other; New York State Local Government Records Management Improvement Fund; Local Government Records Management Account - 20501,8346000.0,4124000,270
21785,2023,OFFICE OF HIGHER EDUCATION AND THE PROFESSIONS PROGRAM,General Fund; Local Assistance Account - 10000,368000.0,368000,272
21830,2023,OFFICE OF HIGHER EDUCATION AND THE PROFESSIONS PROGRAM,General Fund; Local Assistance Account - 10000,24238360.0,24238360,271
21831,2023,OFFICE OF HIGHER EDUCATION AND THE PROFESSIONS PROGRAM,General Fund; Local Assistance Account - 10000,35129000.0,12296000,271
21832,2023,OFFICE OF HIGHER EDUCATION AND THE PROFESSIONS PROGRAM,General Fund; Local Assistance Account - 10000,46896420.0,40191000,271
21834,2023,OFFICE OF HIGHER EDUCATION AND THE PROFESSIONS PROGRAM,General Fund; Local Assistance Account - 10000,20871680.0,19694000,271
21835,2023,OFFICE OF HIGHER EDUCATION AND THE PROFESSIONS PROGRAM,General Fund; Local Assistance Account - 10000,15816390.0,14270000,271
21837,2023,OFFICE OF HIGHER EDUCATION AND THE PROFESSIONS PROGRAM,General Fund; Local Assistance Account - 10000,450000.0,450000,271
21838,2023,OFFICE OF HIGHER EDUCATION AND THE PROFESSIONS PROGRAM,General Fund; Local Assistance Account - 10000,941000.0,941000,271
23344,2023,OFFICE OF HIGHER EDUCATION AND THE PROFESSIONS PROGRAM,General Fund; Local Assistance Account - 10000,2000000.0,2000000,272
23379,2023,OFFICE OF HIGHER EDUCATION AND THE PROFESSIONS PROGRAM,General Fund; Local Assistance Account - 10000,350000.0,350000,272
23380,2023,OFFICE OF HIGHER EDUCATION AND THE PROFESSIONS PROGRAM,General Fund; Local Assistance Account - 10000,200000.0,200000,272
55913,2023,OFFICE OF HIGHER EDUCATION AND THE PROFESSIONS PROGRAM,General Fund; Local Assistance Account - 10000,7920000.0,7920000,271
,2023,OFFICE OF HIGHER EDUCATION AND THE PROFESSIONS PROGRAM,General Fund; Local Assistance Account - 10000,750000.0,750000,272
21785,2022,OFFICE OF HIGHER EDUCATION AND THE PROFESSIONS PROGRAM,General Fund; Local Assistance Account - 10000,368000.0,290000,273
21830,2022,OFFICE OF HIGHER EDUCATION AND THE PROFESSIONS PROGRAM,General Fund; Local Assistance Account - 10000,24238360.0,18904000,272
21832,2022,OFFICE OF HIGHER EDUCATION AND THE PROFESSIONS PROGRAM,General Fund; Local Assistance Account - 10000,46896420.0,14284000,272
21834,2022,OFFICE OF HIGHER EDUCATION AND THE PROFESSIONS PROGRAM,General Fund; Local Assistance Account - 10000,20871680.0,9482000,272
21835,2022,OFFICE OF HIGHER EDUCATION AND THE PROFESSIONS PROGRAM,General Fund; Local Assistance Account - 10000,15816390.0,5484000,272
23344,2022,OFFICE OF HIGHER EDUCATION AND THE PROFESSIONS PROGRAM,General Fund; Local Assistance Account - 10000,2000000.0,1019000,273
55913,2022,OFFICE OF HIGHER EDUCATION AND THE PROFESSIONS PROGRAM,General Fund; Local Assistance Account - 10000,7920000.0,4865000,272
,2022,OFFICE OF HIGHER EDUCATION AND THE PROFESSIONS PROGRAM,General Fund; Local Assistance Account - 10000,350000.0,190000,273
,2022,OFFICE OF HIGHER EDUCATION AND THE PROFESSIONS PROGRAM,General Fund; Local Assistance Account - 10000,50000.0,50000,273
,2022,OFFICE OF HIGHER EDUCATION AND THE PROFESSIONS PROGRAM,General Fund; Local Assistance Account - 10000,750000.0,750000,273
21785,2021,OFFICE OF HIGHER EDUCATION AND THE PROFESSIONS PROGRAM,General Fund; Local Assistance Account - 10000,184000.0,50000,274
21830,2021,OFFICE OF HIGHER EDUCATION AND THE PROFESSIONS PROGRAM,General Fund; Local Assistance Account - 10000,18361860.0,5757000,273
21832,2021,OFFICE OF HIGHER EDUCATION AND THE PROFESSIONS PROGRAM,General Fund; Local Assistance Account - 10000,35526920.0,2522000,273
21834,2021,OFFICE OF HIGHER EDUCATION AND THE PROFESSIONS PROGRAM,General Fund; Local Assistance Account - 10000,15811180.0,890000,273
21835,2021,OFFICE OF HIGHER EDUCATION AND THE PROFESSIONS PROGRAM,General Fund; Local Assistance Account - 10000,11981890.0,567000,273
23344,2021,OFFICE OF HIGHER EDUCATION AND THE PROFESSIONS PROGRAM,General Fund; Local Assistance Account - 10000,2000000.0,138000,274
55913,2021,OFFICE OF HIGHER EDUCATION AND THE PROFESSIONS PROGRAM,General Fund; Local Assistance Account - 10000,6000000.0,767000,273
,2021,OFFICE OF HIGHER EDUCATION AND THE PROFESSIONS PROGRAM,General Fund; Local Assistance Account - 10000,100000.0,100000,274
21785,2020,OFFICE OF HIGHER EDUCATION AND THE PROFESSIONS PROGRAM,General Fund; Local Assistance Account - 10000,368000.0,256000,275
21830,2020,OFFICE OF HIGHER EDUCATION AND THE PROFESSIONS PROGRAM,General Fund; Local Assistance Account - 10000,18361860.0,858000,274
21831,2020,OFFICE OF HIGHER EDUCATION AND THE PROFESSIONS PROGRAM,General Fund; Local Assistance Account - 10000,35129000.0,1757000,274
21832,2020,OFFICE OF HIGHER EDUCATION AND THE PROFESSIONS PROGRAM,General Fund; Local Assistance Account - 10000,35526920.0,476000,274
21834,2020,OFFICE OF HIGHER EDUCATION AND THE PROFESSIONS PROGRAM,General Fund; Local Assistance Account - 10000,15811180.0,550000,274
21835,2020,OFFICE OF HIGHER EDUCATION AND THE PROFESSIONS PROGRAM,General Fund; Local Assistance Account - 10000,11981890.0,654000,274
21837,2020,OFFICE OF HIGHER EDUCATION AND THE PROFESSIONS PROGRAM,General Fund; Local Assistance Account - 10000,450000.0,450000,274
55913,2020,OFFICE OF HIGHER EDUCATION AND THE PROFESSIONS PROGRAM,General Fund; Local Assistance Account - 10000,6000000.0,445000,274
21785,2019,OFFICE OF HIGHER EDUCATION AND THE PROFESSIONS PROGRAM,General Fund; Local Assistance Account - 10000,368000.0,178000,275
21830,2019,OFFICE OF HIGHER EDUCATION AND THE PROFESSIONS PROGRAM,General Fund; Local Assistance Account - 10000,15301860.0,2248000,275
21832,2019,OFFICE OF HIGHER EDUCATION AND THE PROFESSIONS PROGRAM,General Fund; Local Assistance Account - 10000,29605920.0,2360000,276
21834,2019,OFFICE OF HIGHER EDUCATION AND THE PROFESSIONS PROGRAM,General Fund; Local Assistance Account - 10000,13176180.0,1002000,275
21835,2019,OFFICE OF HIGHER EDUCATION AND THE PROFESSIONS PROGRAM,General Fund; Local Assistance Account - 10000,9984890.0,1154000,275
21837,2019,OFFICE OF HIGHER EDUCATION AND THE PROFESSIONS PROGRAM,General Fund; Local Assistance Account - 10000,450000.0,450000,275
55913,2019,OFFICE OF HIGHER EDUCATION AND THE PROFESSIONS PROGRAM,General Fund; Local Assistance Account - 10000,1500000.0,24000,275
21785,2018,OFFICE OF HIGHER EDUCATION AND THE PROFESSIONS PROGRAM,General Fund; Local Assistance Account - 10000,368000.0,102000,276
21830,2018,OFFICE OF HIGHER EDUCATION AND THE PROFESSIONS PROGRAM,General Fund; Local Assistance Account - 10000,15301860.0,346000,276
21832,2018,OFFICE OF HIGHER EDUCATION AND THE PROFESSIONS PROGRAM,General Fund; Local Assistance Account - 10000,29605920.0,512000,276
21834,2018,OFFICE OF HIGHER EDUCATION AND THE PROFESSIONS PROGRAM,General Fund; Local Assistance Account - 10000,13176180.0,610000,276
21835,2018,OFFICE OF HIGHER EDUCATION AND THE PROFESSIONS PROGRAM,General Fund; Local Assistance Account - 10000,9984890.0,266000,276
55913,2018,OFFICE OF HIGHER EDUCATION AND THE PROFESSIONS PROGRAM,General Fund; Local Assistance Account - 10000,1500000.0,20000,276
21830,2017,OFFICE OF HIGHER EDUCATION AND THE PROFESSIONS PROGRAM,General Fund; Local Assistance Account - 10000,15301860.0,363000,276
21832,2017,OFFICE OF HIGHER EDUCATION AND THE PROFESSIONS PROGRAM,General Fund; Local Assistance Account - 10000,29605920.0,818000,277
21834,2017,OFFICE OF HIGHER EDUCATION AND THE PROFESSIONS PROGRAM,General Fund; Local Assistance Account - 10000,13176180.0,224000,277
21835,2017,OFFICE OF HIGHER EDUCATION AND THE PROFESSIONS PROGRAM,General Fund; Local Assistance Account - 10000,9984890.0,302000,277
21837,2017,OFFICE OF HIGHER EDUCATION AND THE PROFESSIONS PROGRAM,General Fund; Local Assistance Account - 10000,450000.0,402000,277
55913,2017,OFFICE OF HIGHER EDUCATION AND THE PROFESSIONS PROGRAM,General Fund; Local Assistance Account - 10000,1500000.0,102000,277
21785,2016,OFFICE OF HIGHER EDUCATION AND THE PROFESSIONS PROGRAM,General Fund; Local Assistance Account - 10000,368000.0,128000,277
21830,2016,OFFICE OF HIGHER EDUCATION AND THE PROFESSIONS PROGRAM,General Fund; Local Assistance Account - 10000,15301860.0,211000,277
21832,2016,OFFICE OF HIGHER EDUCATION AND THE PROFESSIONS PROGRAM,General Fund; Local Assistance Account - 10000,29605920.0,201000,277
21834,2016,OFFICE OF HIGHER EDUCATION AND THE PROFESSIONS PROGRAM,General Fund; Local Assistance Account - 10000,13176180.0,72000,277
21835,2016,OFFICE OF HIGHER EDUCATION AND THE PROFESSIONS PROGRAM,General Fund; Local Assistance Account - 10000,9984890.0,421000,277
21837,2016,OFFICE OF HIGHER EDUCATION AND THE PROFESSIONS PROGRAM,General Fund; Local Assistance Account - 10000,450000.0,29000,277
55913,2016,OFFICE OF HIGHER EDUCATION AND THE PROFESSIONS PROGRAM,General Fund; Local Assistance Account - 10000,1500000.0,43000,277
21785,2015,OFFICE OF HIGHER EDUCATION AND THE PROFESSIONS PROGRAM,General Fund; Local Assistance Account - 10000,368000.0,165000,278
21834,2015,OFFICE OF HIGHER EDUCATION AND THE PROFESSIONS PROGRAM,General Fund; Local Assistance Account - 10000,11845180.0,161000,278
21785,2014,OFFICE OF HIGHER EDUCATION AND THE PROFESSIONS PROGRAM,General Fund; Local Assistance Account - 10000,368000.0,111000,278
21830,2014,OFFICE OF HIGHER EDUCATION AND THE PROFESSIONS PROGRAM,General Fund; Local Assistance Account - 10000,12918260.0,31000,278
23419,2023,OFFICE OF HIGHER EDUCATION AND THE PROFESSIONS PROGRAM,Special Revenue Funds - Federal; Federal Education Fund; Federal Department of Education Account - 25210,5000000.0,5000000,278
21702,2023,OFFICE OF PREKINDERGARTEN THROUGH GRADE TWELVE EDUCATION PROGRAM,General Fund; Local Assistance Account - 10000,169000000.0,151986000,285
21705,2023,OFFICE OF PREKINDERGARTEN THROUGH GRADE TWELVE EDUCATION PROGRAM,General Fund; Local Assistance Account - 10000,93700000.0,61281000,287
21706,2023,OFFICE OF PREKINDERGARTEN THROUGH GRADE TWELVE EDUCATION PROGRAM,General Fund; Local Assistance Account - 10000,1035000000.0,158990000,288
21707,2023,OFFICE OF PREKINDERGARTEN THROUGH GRADE TWELVE EDUCATION PROGRAM,General Fund; Local Assistance Account - 10000,367500000.0,251200000,287
21733,2023,OFFICE OF PREKINDERGARTEN THROUGH GRADE TWELVE EDUCATION PROGRAM,General Fund; Local Assistance Account - 10000,974500.0,974000,290
21763,2023,OFFICE OF PREKINDERGARTEN THROUGH GRADE TWELVE EDUCATION PROGRAM,General Fund; Local Assistance Account - 10000,1303000.0,1303000,285
21764,2023,OFFICE OF PREKINDERGARTEN THROUGH GRADE TWELVE EDUCATION PROGRAM,General Fund; Local Assistance Account - 10000,89000.0,89000,285
21769,2023,OFFICE OF PREKINDERGARTEN THROUGH GRADE TWELVE EDUCATION PROGRAM,General Fund; Local Assistance Account - 10000,115652000.0,115652000,286
21770,2023,OFFICE OF PREKINDERGARTEN THROUGH GRADE TWELVE EDUCATION PROGRAM,General Fund; Local Assistance Account - 10000,77476000.0,77476000,286
21771,2023,OFFICE OF PREKINDERGARTEN THROUGH GRADE TWELVE EDUCATION PROGRAM,General Fund; Local Assistance Account - 10000,922000.0,922000,286
21774,2023,OFFICE OF PREKINDERGARTEN THROUGH GRADE TWELVE EDUCATION PROGRAM,General Fund; Local Assistance Account - 10000,466000.0,466000,288
21775,2023,OFFICE OF PREKINDERGARTEN THROUGH GRADE TWELVE EDUCATION PROGRAM,General Fund; Local Assistance Account - 10000,691000.0,691000,288
21776,2023,OFFICE OF PREKINDERGARTEN THROUGH GRADE TWELVE EDUCATION PROGRAM,General Fund; Local Assistance Account - 10000,24344000.0,24257000,289
21778,2023,OFFICE OF PREKINDERGARTEN THROUGH GRADE TWELVE EDUCATION PROGRAM,General Fund; Local Assistance Account - 10000,894000.0,894000,289
21779,2023,OFFICE OF PREKINDERGARTEN THROUGH GRADE TWELVE EDUCATION PROGRAM,General Fund; Local Assistance Account - 10000,1382000.0,1267000,289
21781,2023,OFFICE OF PREKINDERGARTEN THROUGH GRADE TWELVE EDUCATION PROGRAM,General Fund; Local Assistance Account - 10000,932000.0,823000,289
21782,2023,OFFICE OF PREKINDERGARTEN THROUGH GRADE TWELVE EDUCATION PROGRAM,General Fund; Local Assistance Account - 10000,1240000.0,1240000,289
21784,2023,OFFICE OF PREKINDERGARTEN THROUGH GRADE TWELVE EDUCATION PROGRAM,General Fund; Local Assistance Account - 10000,3049000.0,785000,290
21792,2023,OFFICE OF PREKINDERGARTEN THROUGH GRADE TWELVE EDUCATION PROGRAM,General Fund; Local Assistance Account - 10000,500000.0,500000,290
21800,2023,OFFICE OF PREKINDERGARTEN THROUGH GRADE TWELVE EDUCATION PROGRAM,General Fund; Local Assistance Account - 10000,350000.0,263000,289
21801,2023,OFFICE OF PREKINDERGARTEN THROUGH GRADE TWELVE EDUCATION PROGRAM,General Fund; Local Assistance Account - 10000,11500000.0,7910000,290
21804,2023,OFFICE OF PREKINDERGARTEN THROUGH GRADE TWELVE EDUCATION PROGRAM,General Fund; Local Assistance Account - 10000,490000.0,490000,291
21833,2023,OFFICE OF PREKINDERGARTEN THROUGH GRADE TWELVE EDUCATION PROGRAM,General Fund; Local Assistance Account - 10000,800000.0,800000,290
23306,2023,OFFICE OF PREKINDERGARTEN THROUGH GRADE TWELVE EDUCATION PROGRAM,General Fund; Local Assistance Account - 10000,197113000.0,196721000,280
23316,2023,OFFICE OF PREKINDERGARTEN THROUGH GRADE TWELVE EDUCATION PROGRAM,General Fund; Local Assistance Account - 10000,2300000.0,2300000,286
23318,2023,OFFICE OF PREKINDERGARTEN THROUGH GRADE TWELVE EDUCATION PROGRAM,General Fund; Local Assistance Account - 10000,20000000.0,20000000,292
23319,2023,OFFICE OF PREKINDERGARTEN THROUGH GRADE TWELVE EDUCATION PROGRAM,General Fund; Local Assistance Account - 10000,475000.0,475000,290
23320,2023,OFFICE OF PREKINDERGARTEN THROUGH GRADE TWELVE EDUCATION PROGRAM,General Fund; Local Assistance Account - 10000,40000.0,40000,291
23346,2023,OFFICE OF PREKINDERGARTEN THROUGH GRADE TWELVE EDUCATION PROGRAM,General Fund; Local Assistance Account - 10000,2000000.0,2000000,278
23347,2023,OFFICE OF PREKINDERGARTEN THROUGH GRADE TWELVE EDUCATION PROGRAM,General Fund; Local Assistance Account - 10000,1125000.0,1125000,291
23348,2023,OFFICE OF PREKINDERGARTEN THROUGH GRADE TWELVE EDUCATION PROGRAM,General Fund; Local Assistance Account - 10000,250000.0,250000,291
23349,2023,OFFICE OF PREKINDERGARTEN THROUGH GRADE TWELVE EDUCATION PROGRAM,General Fund; Local Assistance Account - 10000,365000.0,365000,291
23351,2023,OFFICE OF PREKINDERGARTEN THROUGH GRADE TWELVE EDUCATION PROGRAM,General Fund; Local Assistance Account - 10000,400000.0,400000,291
23356,2023,OFFICE OF PREKINDERGARTEN THROUGH GRADE TWELVE EDUCATION PROGRAM,General Fund; Local Assistance Account - 10000,650000.0,650000,291
23375,2023,OFFICE OF PREKINDERGARTEN THROUGH GRADE TWELVE EDUCATION PROGRAM,General Fund; Local Assistance Account - 10000,10000000.0,10000000,280
23384,2023,OFFICE OF PREKINDERGARTEN THROUGH GRADE TWELVE EDUCATION PROGRAM,General Fund; Local Assistance Account - 10000,1900000.0,1900000,286
23386,2023,OFFICE OF PREKINDERGARTEN THROUGH GRADE TWELVE EDUCATION PROGRAM,General Fund; Local Assistance Account - 10000,250000.0,250000,291
23387,2023,OFFICE OF PREKINDERGARTEN THROUGH GRADE TWELVE EDUCATION PROGRAM,General Fund; Local Assistance Account - 10000,25000000.0,25000000,279
23445,2023,OFFICE OF PREKINDERGARTEN THROUGH GRADE TWELVE EDUCATION PROGRAM,General Fund; Local Assistance Account - 10000,14974000.0,9812000,285
23449,2023,OFFICE OF PREKINDERGARTEN THROUGH GRADE TWELVE EDUCATION PROGRAM,General Fund; Local Assistance Account - 10000,1868000.0,281000,291
55907,2023,OFFICE OF PREKINDERGARTEN THROUGH GRADE TWELVE EDUCATION PROGRAM,General Fund; Local Assistance Account - 10000,185000000.0,65219000,280
55928,2023,OFFICE OF PREKINDERGARTEN THROUGH GRADE TWELVE EDUCATION PROGRAM,General Fund; Local Assistance Account - 10000,18000000.0,17444000,285
55938,2023,OFFICE OF PREKINDERGARTEN THROUGH GRADE TWELVE EDUCATION PROGRAM,General Fund; Local Assistance Account - 10000,17180000.0,17180000,288
55939,2023,OFFICE OF PREKINDERGARTEN THROUGH GRADE TWELVE EDUCATION PROGRAM,General Fund; Local Assistance Account - 10000,461000.0,461000,289
55949,2023,OFFICE OF PREKINDERGARTEN THROUGH GRADE TWELVE EDUCATION PROGRAM,General Fund; Local Assistance Account - 10000,225000.0,225000,279
55962,2023,OFFICE OF PREKINDERGARTEN THROUGH GRADE TWELVE EDUCATION PROGRAM,General Fund; Local Assistance Account - 10000,1200000.0,1200000,284
55964,2023,OFFICE OF PREKINDERGARTEN THROUGH GRADE TWELVE EDUCATION PROGRAM,General Fund; Local Assistance Account - 10000,70000000.0,70000000,286
55964,2023,OFFICE OF PREKINDERGARTEN THROUGH GRADE TWELVE EDUCATION PROGRAM,General Fund; Local Assistance Account - 10000,3000000.0,3000000,287
55967,2023,OFFICE OF PREKINDERGARTEN THROUGH GRADE TWELVE EDUCATION PROGRAM,General Fund; Local Assistance Account - 10000,250000.0,250000,290
55971,2023,OFFICE OF PREKINDERGARTEN THROUGH GRADE TWELVE EDUCATION PROGRAM,General Fund; Local Assistance Account - 10000,100000000.0,3529000,280
55985,2023,OFFICE OF PREKINDERGARTEN THROUGH GRADE TWELVE EDUCATION PROGRAM,General Fund; Local Assistance Account - 10000,6418000.0,6072000,285
55986,2023,OFFICE OF PREKINDERGARTEN THROUGH GRADE TWELVE EDUCATION PROGRAM,General Fund; Local Assistance Account - 10000,10000000.0,10000000,286
55997,2023,OFFICE OF PREKINDERGARTEN THROUGH GRADE TWELVE EDUCATION PROGRAM,General Fund; Local Assistance Account - 10000,500000.0,500000,290
55998,2023,OFFICE OF PREKINDERGARTEN THROUGH GRADE TWELVE EDUCATION PROGRAM,General Fund; Local Assistance Account - 10000,385000.0,385000,290
56005,2023,OFFICE OF PREKINDERGARTEN THROUGH GRADE TWELVE EDUCATION PROGRAM,General Fund; Local Assistance Account - 10000,235000.0,235000,291
56043,2023,OFFICE OF PREKINDERGARTEN THROUGH GRADE TWELVE EDUCATION PROGRAM,General Fund; Local Assistance Account - 10000,12000000.0,12000000,279
56045,2023,OFFICE OF PREKINDERGARTEN THROUGH GRADE TWELVE EDUCATION PROGRAM,General Fund; Local Assistance Account - 10000,1000000.0,1000000,291
56138,2023,OFFICE OF PREKINDERGARTEN THROUGH GRADE TWELVE EDUCATION PROGRAM,General Fund; Local Assistance Account - 10000,340000000.0,340000000,293
56139,2023,OFFICE OF PREKINDERGARTEN THROUGH GRADE TWELVE EDUCATION PROGRAM,General Fund; Local Assistance Account - 10000,1000000.0,1000000,290
56150,2023,OFFICE OF PREKINDERGARTEN THROUGH GRADE TWELVE EDUCATION PROGRAM,General Fund; Local Assistance Account - 10000,450000.0,450000,291
,2023,OFFICE OF PREKINDERGARTEN THROUGH GRADE TWELVE EDUCATION PROGRAM,General Fund; Local Assistance Account - 10000,50000000.0,50000000,279
,2023,OFFICE OF PREKINDERGARTEN THROUGH GRADE TWELVE EDUCATION PROGRAM,General Fund; Local Assistance Account - 10000,10000000.0,10000000,284
,2023,OFFICE OF PREKINDERGARTEN THROUGH GRADE TWELVE EDUCATION PROGRAM,General Fund; Local Assistance Account - 10000,100000.0,100000,291
,2023,OFFICE OF PREKINDERGARTEN THROUGH GRADE TWELVE EDUCATION PROGRAM,General Fund; Local Assistance Account - 10000,100000.0,100000,291
,2023,OFFICE OF PREKINDERGARTEN THROUGH GRADE TWELVE EDUCATION PROGRAM,General Fund; Local Assistance Account - 10000,150000.0,150000,291
,2023,OFFICE OF PREKINDERGARTEN THROUGH GRADE TWELVE EDUCATION PROGRAM,General Fund; Local Assistance Account - 10000,150000.0,150000,291
,2023,OFFICE OF PREKINDERGARTEN THROUGH GRADE TWELVE EDUCATION PROGRAM,General Fund; Local Assistance Account - 10000,50000.0,50000,291
,2023,OFFICE OF PREKINDERGARTEN THROUGH GRADE TWELVE EDUCATION PROGRAM,General Fund; Local Assistance Account - 10000,500000.0,500000,291
,2023,OFFICE OF PREKINDERGARTEN THROUGH GRADE TWELVE EDUCATION PROGRAM,General Fund; Local Assistance Account - 10000,150000.0,150000,291
,2023,OFFICE OF PREKINDERGARTEN THROUGH GRADE TWELVE EDUCATION PROGRAM,General Fund; Local Assistance Account - 10000,240000.0,240000,292
,2023,OFFICE OF PREKINDERGARTEN THROUGH GRADE TWELVE EDUCATION PROGRAM,General Fund; Local Assistance Account - 10000,150000.0,150000,292
,2023,OFFICE OF PREKINDERGARTEN THROUGH GRADE TWELVE EDUCATION PROGRAM,General Fund; Local Assistance Account - 10000,150000.0,150000,292
,2023,OFFICE OF PREKINDERGARTEN THROUGH GRADE TWELVE EDUCATION PROGRAM,General Fund; Local Assistance Account - 10000,7500000.0,6999000,292
,2023,OFFICE OF PREKINDERGARTEN THROUGH GRADE TWELVE EDUCATION PROGRAM,General Fund; Local Assistance Account - 10000,9800000.0,8383000,292
21702,2022,OFFICE OF PREKINDERGARTEN THROUGH GRADE TWELVE EDUCATION PROGRAM,General Fund; Local Assistance Account - 10000,34400000.0,981000,299
21705,2022,OFFICE OF PREKINDERGARTEN THROUGH GRADE TWELVE EDUCATION PROGRAM,General Fund; Local Assistance Account - 10000,93700000.0,17403000,300
21706,2022,OFFICE OF PREKINDERGARTEN THROUGH GRADE TWELVE EDUCATION PROGRAM,General Fund; Local Assistance Account - 10000,1035000000.0,211492000,301
21707,2022,OFFICE OF PREKINDERGARTEN THROUGH GRADE TWELVE EDUCATION PROGRAM,General Fund; Local Assistance Account - 10000,364500000.0,11500000,301
21763,2022,OFFICE OF PREKINDERGARTEN THROUGH GRADE TWELVE EDUCATION PROGRAM,General Fund; Local Assistance Account - 10000,1303000.0,6000,299
21769,2022,OFFICE OF PREKINDERGARTEN THROUGH GRADE TWELVE EDUCATION PROGRAM,General Fund; Local Assistance Account - 10000,115652000.0,99000,300
21771,2022,OFFICE OF PREKINDERGARTEN THROUGH GRADE TWELVE EDUCATION PROGRAM,General Fund; Local Assistance Account - 10000,922000.0,922000,300
21774,2022,OFFICE OF PREKINDERGARTEN THROUGH GRADE TWELVE EDUCATION PROGRAM,General Fund; Local Assistance Account - 10000,466000.0,447000,302
21775,2022,OFFICE OF PREKINDERGARTEN THROUGH GRADE TWELVE EDUCATION PROGRAM,General Fund; Local Assistance Account - 10000,691000.0,654000,302
21776,2022,OFFICE OF PREKINDERGARTEN THROUGH GRADE TWELVE EDUCATION PROGRAM,General Fund; Local Assistance Account - 10000,24344000.0,13323000,302
21779,2022,OFFICE OF PREKINDERGARTEN THROUGH GRADE TWELVE EDUCATION PROGRAM,General Fund; Local Assistance Account - 10000,1382000.0,101000,303
21781,2022,OFFICE OF PREKINDERGARTEN THROUGH GRADE TWELVE EDUCATION PROGRAM,General Fund; Local Assistance Account - 10000,932000.0,437000,302
21782,2022,OFFICE OF PREKINDERGARTEN THROUGH GRADE TWELVE EDUCATION PROGRAM,General Fund; Local Assistance Account - 10000,1240000.0,1240000,303
21784,2022,OFFICE OF PREKINDERGARTEN THROUGH GRADE TWELVE EDUCATION PROGRAM,General Fund; Local Assistance Account - 10000,3049000.0,21000,303
21804,2022,OFFICE OF PREKINDERGARTEN THROUGH GRADE TWELVE EDUCATION PROGRAM,General Fund; Local Assistance Account - 10000,490000.0,490000,304
21833,2022,OFFICE OF PREKINDERGARTEN THROUGH GRADE TWELVE EDUCATION PROGRAM,General Fund; Local Assistance Account - 10000,800000.0,620000,303
23306,2022,OFFICE OF PREKINDERGARTEN THROUGH GRADE TWELVE EDUCATION PROGRAM,General Fund; Local Assistance Account - 10000,231363000.0,196151000,294
23316,2022,OFFICE OF PREKINDERGARTEN THROUGH GRADE TWELVE EDUCATION PROGRAM,General Fund; Local Assistance Account - 10000,2300000.0,2300000,300
23347,2022,OFFICE OF PREKINDERGARTEN THROUGH GRADE TWELVE EDUCATION PROGRAM,General Fund; Local Assistance Account - 10000,1250000.0,1250000,304
23364,2022,OFFICE OF PREKINDERGARTEN THROUGH GRADE TWELVE EDUCATION PROGRAM,General Fund; Local Assistance Account - 10000,100000000.0,100000000,305
23365,2022,OFFICE OF PREKINDERGARTEN THROUGH GRADE TWELVE EDUCATION PROGRAM,General Fund; Local Assistance Account - 10000,2000000.0,2000000,298
23387,2022,OFFICE OF PREKINDERGARTEN THROUGH GRADE TWELVE EDUCATION PROGRAM,General Fund; Local Assistance Account - 10000,25000000.0,21213000,293
55907,2022,OFFICE OF PREKINDERGARTEN THROUGH GRADE TWELVE EDUCATION PROGRAM,General Fund; Local Assistance Account - 10000,185000000.0,17469000,294
55928,2022,OFFICE OF PREKINDERGARTEN THROUGH GRADE TWELVE EDUCATION PROGRAM,General Fund; Local Assistance Account - 10000,18000000.0,11600000,299
55938,2022,OFFICE OF PREKINDERGARTEN THROUGH GRADE TWELVE EDUCATION PROGRAM,General Fund; Local Assistance Account - 10000,17180000.0,17180000,301
55939,2022,OFFICE OF PREKINDERGARTEN THROUGH GRADE TWELVE EDUCATION PROGRAM,General Fund; Local Assistance Account - 10000,461000.0,461000,303
55949,2022,OFFICE OF PREKINDERGARTEN THROUGH GRADE TWELVE EDUCATION PROGRAM,General Fund; Local Assistance Account - 10000,225000.0,225000,293
55962,2022,OFFICE OF PREKINDERGARTEN THROUGH GRADE TWELVE EDUCATION PROGRAM,General Fund; Local Assistance Account - 10000,1200000.0,987000,298
55964,2022,OFFICE OF PREKINDERGARTEN THROUGH GRADE TWELVE EDUCATION PROGRAM,General Fund; Local Assistance Account - 10000,55000000.0,55000000,300
55964,2022,OFFICE OF PREKINDERGARTEN THROUGH GRADE TWELVE EDUCATION PROGRAM,General Fund; Local Assistance Account - 10000,3000000.0,3000000,300
55967,2022,OFFICE OF PREKINDERGARTEN THROUGH GRADE TWELVE EDUCATION PROGRAM,General Fund; Local Assistance Account - 10000,250000.0,250000,303
55971,2022,OFFICE OF PREKINDERGARTEN THROUGH GRADE TWELVE EDUCATION PROGRAM,General Fund; Local Assistance Account - 10000,100000000.0,6611000,294
55985,2022,OFFICE OF PREKINDERGARTEN THROUGH GRADE TWELVE EDUCATION PROGRAM,General Fund; Local Assistance Account - 10000,4278000.0,568000,299
55986,2022,OFFICE OF PREKINDERGARTEN THROUGH GRADE TWELVE EDUCATION PROGRAM,General Fund; Local Assistance Account - 10000,10000000.0,10000000,299
55997,2022,OFFICE OF PREKINDERGARTEN THROUGH GRADE TWELVE EDUCATION PROGRAM,General Fund; Local Assistance Account - 10000,500000.0,500000,304
55998,2022,OFFICE OF PREKINDERGARTEN THROUGH GRADE TWELVE EDUCATION PROGRAM,General Fund; Local Assistance Account - 10000,385000.0,313000,304
56005,2022,OFFICE OF PREKINDERGARTEN THROUGH GRADE TWELVE EDUCATION PROGRAM,General Fund; Local Assistance Account - 10000,235000.0,51000,304
56045,2022,OFFICE OF PREKINDERGARTEN THROUGH GRADE TWELVE EDUCATION PROGRAM,General Fund; Local Assistance Account - 10000,1000000.0,160000,304
56138,2022,OFFICE OF PREKINDERGARTEN THROUGH GRADE TWELVE EDUCATION PROGRAM,General Fund; Local Assistance Account - 10000,340000000.0,102985000,305
56139,2022,OFFICE OF PREKINDERGARTEN THROUGH GRADE TWELVE EDUCATION PROGRAM,General Fund; Local Assistance Account - 10000,1465000.0,1096000,303
,2022,OFFICE OF PREKINDERGARTEN THROUGH GRADE TWELVE EDUCATION PROGRAM,General Fund; Local Assistance Account - 10000,475000.0,475000,303
,2022,OFFICE OF PREKINDERGARTEN THROUGH GRADE TWELVE EDUCATION PROGRAM,General Fund; Local Assistance Account - 10000,475000.0,475000,303
,2022,OFFICE OF PREKINDERGARTEN THROUGH GRADE TWELVE EDUCATION PROGRAM,General Fund; Local Assistance Account - 10000,450000.0,450000,304
,2022,OFFICE OF PREKINDERGARTEN THROUGH GRADE TWELVE EDUCATION PROGRAM,General Fund; Local Assistance Account - 10000,400000.0,400000,304
,2022,OFFICE OF PREKINDERGARTEN THROUGH GRADE TWELVE EDUCATION PROGRAM,General Fund; Local Assistance Account - 10000,100000.0,100000,304
,2022,OFFICE OF PREKINDERGARTEN THROUGH GRADE TWELVE EDUCATION PROGRAM,General Fund; Local Assistance Account - 10000,40000.0,40000,304
,2022,OFFICE OF PREKINDERGARTEN THROUGH GRADE TWELVE EDUCATION PROGRAM,General Fund; Local Assistance Account - 10000,650000.0,650000,304
,2022,OFFICE OF PREKINDERGARTEN THROUGH GRADE TWELVE EDUCATION PROGRAM,General Fund; Local Assistance Account - 10000,150000.0,150000,304
,2022,OFFICE OF PREKINDERGARTEN THROUGH GRADE TWELVE EDUCATION PROGRAM,General Fund; Local Assistance Account - 10000,6750000.0,3084000,304
,2022,OFFICE OF PREKINDERGARTEN THROUGH GRADE TWELVE EDUCATION PROGRAM,General Fund; Local Assistance Account - 10000,6343000.0,1735000,304
21705,2021,OFFICE OF PREKINDERGARTEN THROUGH GRADE TWELVE EDUCATION PROGRAM,General Fund; Local Assistance Account - 10000,93700000.0,13156000,307
21706,2021,OFFICE OF PREKINDERGARTEN THROUGH GRADE TWELVE EDUCATION PROGRAM,General Fund; Local Assistance Account - 10000,1035000000.0,208727000,308
21707,2021,OFFICE OF PREKINDERGARTEN THROUGH GRADE TWELVE EDUCATION PROGRAM,General Fund; Local Assistance Account - 10000,364500000.0,52597000,308
21769,2021,OFFICE OF PREKINDERGARTEN THROUGH GRADE TWELVE EDUCATION PROGRAM,General Fund; Local Assistance Account - 10000,115652000.0,158000,307
21770,2021,OFFICE OF PREKINDERGARTEN THROUGH GRADE TWELVE EDUCATION PROGRAM,General Fund; Local Assistance Account - 10000,77476000.0,525000,307
21771,2021,OFFICE OF PREKINDERGARTEN THROUGH GRADE TWELVE EDUCATION PROGRAM,General Fund; Local Assistance Account - 10000,922000.0,922000,307
21774,2021,OFFICE OF PREKINDERGARTEN THROUGH GRADE TWELVE EDUCATION PROGRAM,General Fund; Local Assistance Account - 10000,466000.0,150000,309
21775,2021,OFFICE OF PREKINDERGARTEN THROUGH GRADE TWELVE EDUCATION PROGRAM,General Fund; Local Assistance Account - 10000,691000.0,229000,309
21776,2021,OFFICE OF PREKINDERGARTEN THROUGH GRADE TWELVE EDUCATION PROGRAM,General Fund; Local Assistance Account - 10000,24344000.0,2718000,309
21779,2021,OFFICE OF PREKINDERGARTEN THROUGH GRADE TWELVE EDUCATION PROGRAM,General Fund; Local Assistance Account - 10000,1382000.0,58000,310
21781,2021,OFFICE OF PREKINDERGARTEN THROUGH GRADE TWELVE EDUCATION PROGRAM,General Fund; Local Assistance Account - 10000,932000.0,142000,310
21782,2021,OFFICE OF PREKINDERGARTEN THROUGH GRADE TWELVE EDUCATION PROGRAM,General Fund; Local Assistance Account - 10000,740000.0,740000,310
21784,2021,OFFICE OF PREKINDERGARTEN THROUGH GRADE TWELVE EDUCATION PROGRAM,General Fund; Local Assistance Account - 10000,3049000.0,77000,310
23306,2021,OFFICE OF PREKINDERGARTEN THROUGH GRADE TWELVE EDUCATION PROGRAM,General Fund; Local Assistance Account - 10000,230113000.0,156749000,312
23316,2021,OFFICE OF PREKINDERGARTEN THROUGH GRADE TWELVE EDUCATION PROGRAM,General Fund; Local Assistance Account - 10000,2300000.0,2300000,307
23318,2021,OFFICE OF PREKINDERGARTEN THROUGH GRADE TWELVE EDUCATION PROGRAM,General Fund; Local Assistance Account - 10000,10000000.0,10000000,311
23347,2021,OFFICE OF PREKINDERGARTEN THROUGH GRADE TWELVE EDUCATION PROGRAM,General Fund; Local Assistance Account - 10000,1000000.0,1000000,311
23445,2021,OFFICE OF PREKINDERGARTEN THROUGH GRADE TWELVE EDUCATION PROGRAM,General Fund; Local Assistance Account - 10000,9982000.0,2638000,306
55928,2021,OFFICE OF PREKINDERGARTEN THROUGH GRADE TWELVE EDUCATION PROGRAM,General Fund; Local Assistance Account - 10000,18000000.0,9799000,306
55938,2021,OFFICE OF PREKINDERGARTEN THROUGH GRADE TWELVE EDUCATION PROGRAM,General Fund; Local Assistance Account - 10000,17180000.0,17160000,309
55949,2021,OFFICE OF PREKINDERGARTEN THROUGH GRADE TWELVE EDUCATION PROGRAM,General Fund; Local Assistance Account - 10000,1000000.0,1000000,306
55964,2021,OFFICE OF PREKINDERGARTEN THROUGH GRADE TWELVE EDUCATION PROGRAM,General Fund; Local Assistance Account - 10000,40000000.0,192000,307
55967,2021,OFFICE OF PREKINDERGARTEN THROUGH GRADE TWELVE EDUCATION PROGRAM,General Fund; Local Assistance Account - 10000,500000.0,500000,310
55985,2021,OFFICE OF PREKINDERGARTEN THROUGH GRADE TWELVE EDUCATION PROGRAM,General Fund; Local Assistance Account - 10000,4278000.0,781000,306
55986,2021,OFFICE OF PREKINDERGARTEN THROUGH GRADE TWELVE EDUCATION PROGRAM,General Fund; Local Assistance Account - 10000,10000000.0,10000000,306
55997,2021,OFFICE OF PREKINDERGARTEN THROUGH GRADE TWELVE EDUCATION PROGRAM,General Fund; Local Assistance Account - 10000,500000.0,355000,311
55998,2021,OFFICE OF PREKINDERGARTEN THROUGH GRADE TWELVE EDUCATION PROGRAM,General Fund; Local Assistance Account - 10000,385000.0,167000,311
56005,2021,OFFICE OF PREKINDERGARTEN THROUGH GRADE TWELVE EDUCATION PROGRAM,General Fund; Local Assistance Account - 10000,235000.0,73000,311
56139,2021,OFFICE OF PREKINDERGARTEN THROUGH GRADE TWELVE EDUCATION PROGRAM,General Fund; Local Assistance Account - 10000,1465000.0,510000,310
56150,2021,OFFICE OF PREKINDERGARTEN THROUGH GRADE TWELVE EDUCATION PROGRAM,General Fund; Local Assistance Account - 10000,450000.0,450000,311
,2021,OFFICE OF PREKINDERGARTEN THROUGH GRADE TWELVE EDUCATION PROGRAM,General Fund; Local Assistance Account - 10000,475000.0,475000,310
,2021,OFFICE OF PREKINDERGARTEN THROUGH GRADE TWELVE EDUCATION PROGRAM,General Fund; Local Assistance Account - 10000,475000.0,475000,310
,2021,OFFICE OF PREKINDERGARTEN THROUGH GRADE TWELVE EDUCATION PROGRAM,General Fund; Local Assistance Account - 10000,100000.0,2200,311
,2021,OFFICE OF PREKINDERGARTEN THROUGH GRADE TWELVE EDUCATION PROGRAM,General Fund; Local Assistance Account - 10000,40000.0,40000,311
,2021,OFFICE OF PREKINDERGARTEN THROUGH GRADE TWELVE EDUCATION PROGRAM,General Fund; Local Assistance Account - 10000,5035500.0,3567000,311
,2021,OFFICE OF PREKINDERGARTEN THROUGH GRADE TWELVE EDUCATION PROGRAM,General Fund; Local Assistance Account - 10000,8000000.0,5539000,311
,2021,OFFICE OF PREKINDERGARTEN THROUGH GRADE TWELVE EDUCATION PROGRAM,General Fund; Local Assistance Account - 10000,1300000.0,1300000,311
,2021,OFFICE OF PREKINDERGARTEN THROUGH GRADE TWELVE EDUCATION PROGRAM,General Fund; Local Assistance Account - 10000,250000.0,250000,315
21705,2020,OFFICE OF PREKINDERGARTEN THROUGH GRADE TWELVE EDUCATION PROGRAM,General Fund; Local Assistance Account - 10000,93700000.0,25861000,321
21706,2020,OFFICE OF PREKINDERGARTEN THROUGH GRADE TWELVE EDUCATION PROGRAM,General Fund; Local Assistance Account - 10000,1035000000.0,244351000,323
21707,2020,OFFICE OF PREKINDERGARTEN THROUGH GRADE TWELVE EDUCATION PROGRAM,General Fund; Local Assistance Account - 10000,364500000.0,100644000,322
21763,2020,OFFICE OF PREKINDERGARTEN THROUGH GRADE TWELVE EDUCATION PROGRAM,General Fund; Local Assistance Account - 10000,1303000.0,67000,315
21770,2020,OFFICE OF PREKINDERGARTEN THROUGH GRADE TWELVE EDUCATION PROGRAM,General Fund; Local Assistance Account - 10000,77476000.0,987000,321
21771,2020,OFFICE OF PREKINDERGARTEN THROUGH GRADE TWELVE EDUCATION PROGRAM,General Fund; Local Assistance Account - 10000,922000.0,922000,316
21776,2020,OFFICE OF PREKINDERGARTEN THROUGH GRADE TWELVE EDUCATION PROGRAM,General Fund; Local Assistance Account - 10000,24344000.0,12560000,316
21779,2020,OFFICE OF PREKINDERGARTEN THROUGH GRADE TWELVE EDUCATION PROGRAM,General Fund; Local Assistance Account - 10000,1382000.0,13000,316
21781,2020,OFFICE OF PREKINDERGARTEN THROUGH GRADE TWELVE EDUCATION PROGRAM,General Fund; Local Assistance Account - 10000,932000.0,227000,316
21782,2020,OFFICE OF PREKINDERGARTEN THROUGH GRADE TWELVE EDUCATION PROGRAM,General Fund; Local Assistance Account - 10000,740000.0,740000,317
21804,2020,OFFICE OF PREKINDERGARTEN THROUGH GRADE TWELVE EDUCATION PROGRAM,General Fund; Local Assistance Account - 10000,490000.0,45000,317
23306,2020,OFFICE OF PREKINDERGARTEN THROUGH GRADE TWELVE EDUCATION PROGRAM,General Fund; Local Assistance Account - 10000,245113000.0,186089000,318
23316,2020,OFFICE OF PREKINDERGARTEN THROUGH GRADE TWELVE EDUCATION PROGRAM,General Fund; Local Assistance Account - 10000,2300000.0,2300000,316
23445,2020,OFFICE OF PREKINDERGARTEN THROUGH GRADE TWELVE EDUCATION PROGRAM,General Fund; Local Assistance Account - 10000,9982000.0,30000,316
55928,2020,OFFICE OF PREKINDERGARTEN THROUGH GRADE TWELVE EDUCATION PROGRAM,General Fund; Local Assistance Account - 10000,18000000.0,3607000,315
55938,2020,OFFICE OF PREKINDERGARTEN THROUGH GRADE TWELVE EDUCATION PROGRAM,General Fund; Local Assistance Account - 10000,17180000.0,17150000,323
55962,2020,OFFICE OF PREKINDERGARTEN THROUGH GRADE TWELVE EDUCATION PROGRAM,General Fund; Local Assistance Account - 10000,1200000.0,527000,315
55967,2020,OFFICE OF PREKINDERGARTEN THROUGH GRADE TWELVE EDUCATION PROGRAM,General Fund; Local Assistance Account - 10000,500000.0,500000,317
55985,2020,OFFICE OF PREKINDERGARTEN THROUGH GRADE TWELVE EDUCATION PROGRAM,General Fund; Local Assistance Account - 10000,4278000.0,1682000,315
55986,2020,OFFICE OF PREKINDERGARTEN THROUGH GRADE TWELVE EDUCATION PROGRAM,General Fund; Local Assistance Account - 10000,10000000.0,10000000,316
55997,2020,OFFICE OF PREKINDERGARTEN THROUGH GRADE TWELVE EDUCATION PROGRAM,General Fund; Local Assistance Account - 10000,500000.0,166000,317
55998,2020,OFFICE OF PREKINDERGARTEN THROUGH GRADE TWELVE EDUCATION PROGRAM,General Fund; Local Assistance Account - 10000,385000.0,385000,317
56005,2020,OFFICE OF PREKINDERGARTEN THROUGH GRADE TWELVE EDUCATION PROGRAM,General Fund; Local Assistance Account - 10000,235000.0,95000,317
56139,2020,OFFICE OF PREKINDERGARTEN THROUGH GRADE TWELVE EDUCATION PROGRAM,General Fund; Local Assistance Account - 10000,1465000.0,1045000,317
56150,2020,OFFICE OF PREKINDERGARTEN THROUGH GRADE TWELVE EDUCATION PROGRAM,General Fund; Local Assistance Account - 10000,450000.0,450000,317
,2020,OFFICE OF PREKINDERGARTEN THROUGH GRADE TWELVE EDUCATION PROGRAM,General Fund; Local Assistance Account - 10000,475000.0,475000,323
,2020,OFFICE OF PREKINDERGARTEN THROUGH GRADE TWELVE EDUCATION PROGRAM,General Fund; Local Assistance Account - 10000,475000.0,475000,323
,2020,OFFICE OF PREKINDERGARTEN THROUGH GRADE TWELVE EDUCATION PROGRAM,General Fund; Local Assistance Account - 10000,80000.0,80000,323
,2020,OFFICE OF PREKINDERGARTEN THROUGH GRADE TWELVE EDUCATION PROGRAM,General Fund; Local Assistance Account - 10000,150000.0,150000,323
,2020,OFFICE OF PREKINDERGARTEN THROUGH GRADE TWELVE EDUCATION PROGRAM,General Fund; Local Assistance Account - 10000,100000.0,100000,323
,2020,OFFICE OF PREKINDERGARTEN THROUGH GRADE TWELVE EDUCATION PROGRAM,General Fund; Local Assistance Account - 10000,5000.0,5000,323
21702,2019,OFFICE OF PREKINDERGARTEN THROUGH GRADE TWELVE EDUCATION PROGRAM,General Fund; Local Assistance Account - 10000,34400000.0,6761000,324
21705,2019,OFFICE OF PREKINDERGARTEN THROUGH GRADE TWELVE EDUCATION PROGRAM,General Fund; Local Assistance Account - 10000,93700000.0,223000,325
21706,2019,OFFICE OF PREKINDERGARTEN THROUGH GRADE TWELVE EDUCATION PROGRAM,General Fund; Local Assistance Account - 10000,1035000000.0,243136000,325
21763,2019,OFFICE OF PREKINDERGARTEN THROUGH GRADE TWELVE EDUCATION PROGRAM,General Fund; Local Assistance Account - 10000,1303000.0,37000,324
21771,2019,OFFICE OF PREKINDERGARTEN THROUGH GRADE TWELVE EDUCATION PROGRAM,General Fund; Local Assistance Account - 10000,922000.0,922000,325
21775,2019,OFFICE OF PREKINDERGARTEN THROUGH GRADE TWELVE EDUCATION PROGRAM,General Fund; Local Assistance Account - 10000,691000.0,50000,326
21776,2019,OFFICE OF PREKINDERGARTEN THROUGH GRADE TWELVE EDUCATION PROGRAM,General Fund; Local Assistance Account - 10000,24344000.0,4195000,327
21779,2019,OFFICE OF PREKINDERGARTEN THROUGH GRADE TWELVE EDUCATION PROGRAM,General Fund; Local Assistance Account - 10000,1382000.0,11000,327
21782,2019,OFFICE OF PREKINDERGARTEN THROUGH GRADE TWELVE EDUCATION PROGRAM,General Fund; Local Assistance Account - 10000,740000.0,44000,327
21804,2019,OFFICE OF PREKINDERGARTEN THROUGH GRADE TWELVE EDUCATION PROGRAM,General Fund; Local Assistance Account - 10000,490000.0,27000,328
23306,2019,OFFICE OF PREKINDERGARTEN THROUGH GRADE TWELVE EDUCATION PROGRAM,General Fund; Local Assistance Account - 10000,234113000.0,125705000,329
23316,2019,OFFICE OF PREKINDERGARTEN THROUGH GRADE TWELVE EDUCATION PROGRAM,General Fund; Local Assistance Account - 10000,2300000.0,2300000,325
23318,2019,OFFICE OF PREKINDERGARTEN THROUGH GRADE TWELVE EDUCATION PROGRAM,General Fund; Local Assistance Account - 10000,5000000.0,3129000,327
55928,2019,OFFICE OF PREKINDERGARTEN THROUGH GRADE TWELVE EDUCATION PROGRAM,General Fund; Local Assistance Account - 10000,18000000.0,8912000,324
55938,2019,OFFICE OF PREKINDERGARTEN THROUGH GRADE TWELVE EDUCATION PROGRAM,General Fund; Local Assistance Account - 10000,17180000.0,16942000,326
55962,2019,OFFICE OF PREKINDERGARTEN THROUGH GRADE TWELVE EDUCATION PROGRAM,General Fund; Local Assistance Account - 10000,1200000.0,384000,324
55967,2019,OFFICE OF PREKINDERGARTEN THROUGH GRADE TWELVE EDUCATION PROGRAM,General Fund; Local Assistance Account - 10000,500000.0,214000,327
55985,2019,OFFICE OF PREKINDERGARTEN THROUGH GRADE TWELVE EDUCATION PROGRAM,General Fund; Local Assistance Account - 10000,4278000.0,1214000,324
55986,2019,OFFICE OF PREKINDERGARTEN THROUGH GRADE TWELVE EDUCATION PROGRAM,General Fund; Local Assistance Account - 10000,10000000.0,10000000,324
55996,2019,OFFICE OF PREKINDERGARTEN THROUGH GRADE TWELVE EDUCATION PROGRAM,General Fund; Local Assistance Account - 10000,2000000.0,822000,326
55998,2019,OFFICE OF PREKINDERGARTEN THROUGH GRADE TWELVE EDUCATION PROGRAM,General Fund; Local Assistance Account - 10000,770000.0,385000,328
56005,2019,OFFICE OF PREKINDERGARTEN THROUGH GRADE TWELVE EDUCATION PROGRAM,General Fund; Local Assistance Account - 10000,235000.0,100000,328
56045,2019,OFFICE OF PREKINDERGARTEN THROUGH GRADE TWELVE EDUCATION PROGRAM,General Fund; Local Assistance Account - 10000,1000000.0,160000,338
56139,2019,OFFICE OF PREKINDERGARTEN THROUGH GRADE TWELVE EDUCATION PROGRAM,General Fund; Local Assistance Account - 10000,1465000.0,368000,327
56150,2019,OFFICE OF PREKINDERGARTEN THROUGH GRADE TWELVE EDUCATION PROGRAM,General Fund; Local Assistance Account - 10000,450000.0,450000,329
,2019,OFFICE OF PREKINDERGARTEN THROUGH GRADE TWELVE EDUCATION PROGRAM,General Fund; Local Assistance Account - 10000,5000000.0,3440000,327
,2019,OFFICE OF PREKINDERGARTEN THROUGH GRADE TWELVE EDUCATION PROGRAM,General Fund; Local Assistance Account - 10000,5000000.0,1218000,327
,2019,OFFICE OF PREKINDERGARTEN THROUGH GRADE TWELVE EDUCATION PROGRAM,General Fund; Local Assistance Account - 10000,475000.0,475000,327
,2019,OFFICE OF PREKINDERGARTEN THROUGH GRADE TWELVE EDUCATION PROGRAM,General Fund; Local Assistance Account - 10000,25000.0,25000,328
,2019,OFFICE OF PREKINDERGARTEN THROUGH GRADE TWELVE EDUCATION PROGRAM,General Fund; Local Assistance Account - 10000,250000.0,247000,328
,2019,OFFICE OF PREKINDERGARTEN THROUGH GRADE TWELVE EDUCATION PROGRAM,General Fund; Local Assistance Account - 10000,150000.0,150000,328
21705,2018,OFFICE OF PREKINDERGARTEN THROUGH GRADE TWELVE EDUCATION PROGRAM,General Fund; Local Assistance Account - 10000,96200000.0,7374000,345
21706,2018,OFFICE OF PREKINDERGARTEN THROUGH GRADE TWELVE EDUCATION PROGRAM,General Fund; Local Assistance Account - 10000,1035000000.0,162837000,346
21707,2018,OFFICE OF PREKINDERGARTEN THROUGH GRADE TWELVE EDUCATION PROGRAM,General Fund; Local Assistance Account - 10000,330500000.0,49511000,345
21770,2018,OFFICE OF PREKINDERGARTEN THROUGH GRADE TWELVE EDUCATION PROGRAM,General Fund; Local Assistance Account - 10000,74784000.0,113000,349
21771,2018,OFFICE OF PREKINDERGARTEN THROUGH GRADE TWELVE EDUCATION PROGRAM,General Fund; Local Assistance Account - 10000,922000.0,922000,345
21775,2018,OFFICE OF PREKINDERGARTEN THROUGH GRADE TWELVE EDUCATION PROGRAM,General Fund; Local Assistance Account - 10000,691000.0,81000,347
21776,2018,OFFICE OF PREKINDERGARTEN THROUGH GRADE TWELVE EDUCATION PROGRAM,General Fund; Local Assistance Account - 10000,24344000.0,38000,347
21779,2018,OFFICE OF PREKINDERGARTEN THROUGH GRADE TWELVE EDUCATION PROGRAM,General Fund; Local Assistance Account - 10000,1382000.0,56000,347
21782,2018,OFFICE OF PREKINDERGARTEN THROUGH GRADE TWELVE EDUCATION PROGRAM,General Fund; Local Assistance Account - 10000,740000.0,4000,347
55928,2018,OFFICE OF PREKINDERGARTEN THROUGH GRADE TWELVE EDUCATION PROGRAM,General Fund; Local Assistance Account - 10000,18000000.0,198000,345
55938,2018,OFFICE OF PREKINDERGARTEN THROUGH GRADE TWELVE EDUCATION PROGRAM,General Fund; Local Assistance Account - 10000,17180000.0,17034000,346
55950,2018,OFFICE OF PREKINDERGARTEN THROUGH GRADE TWELVE EDUCATION PROGRAM,General Fund; Local Assistance Account - 10000,20000000.0,4546000,340
55953,2018,OFFICE OF PREKINDERGARTEN THROUGH GRADE TWELVE EDUCATION PROGRAM,General Fund; Local Assistance Account - 10000,1900000.0,964000,343
55955,2018,OFFICE OF PREKINDERGARTEN THROUGH GRADE TWELVE EDUCATION PROGRAM,General Fund; Local Assistance Account - 10000,400000.0,400000,343
55962,2018,OFFICE OF PREKINDERGARTEN THROUGH GRADE TWELVE EDUCATION PROGRAM,General Fund; Local Assistance Account - 10000,1200000.0,444000,344
55967,2018,OFFICE OF PREKINDERGARTEN THROUGH GRADE TWELVE EDUCATION PROGRAM,General Fund; Local Assistance Account - 10000,500000.0,34000,347
55973,2018,OFFICE OF PREKINDERGARTEN THROUGH GRADE TWELVE EDUCATION PROGRAM,General Fund; Local Assistance Account - 10000,45000000.0,10646000,338
55974,2018,OFFICE OF PREKINDERGARTEN THROUGH GRADE TWELVE EDUCATION PROGRAM,General Fund; Local Assistance Account - 10000,9000000.0,9000000,341
55975,2018,OFFICE OF PREKINDERGARTEN THROUGH GRADE TWELVE EDUCATION PROGRAM,General Fund; Local Assistance Account - 10000,6000000.0,814000,342
55976,2018,OFFICE OF PREKINDERGARTEN THROUGH GRADE TWELVE EDUCATION PROGRAM,General Fund; Local Assistance Account - 10000,500000.0,500000,349
55977,2018,OFFICE OF PREKINDERGARTEN THROUGH GRADE TWELVE EDUCATION PROGRAM,General Fund; Local Assistance Account - 10000,500000.0,151000,348
55978,2018,OFFICE OF PREKINDERGARTEN THROUGH GRADE TWELVE EDUCATION PROGRAM,General Fund; Local Assistance Account - 10000,250000.0,81000,342
55979,2018,OFFICE OF PREKINDERGARTEN THROUGH GRADE TWELVE EDUCATION PROGRAM,General Fund; Local Assistance Account - 10000,750000.0,455000,343
55980,2018,OFFICE OF PREKINDERGARTEN THROUGH GRADE TWELVE EDUCATION PROGRAM,General Fund; Local Assistance Account - 10000,5000000.0,5000000,343
55981,2018,OFFICE OF PREKINDERGARTEN THROUGH GRADE TWELVE EDUCATION PROGRAM,General Fund; Local Assistance Account - 10000,21590000.0,1417000,344
55982,2018,OFFICE OF PREKINDERGARTEN THROUGH GRADE TWELVE EDUCATION PROGRAM,General Fund; Local Assistance Account - 10000,14090000.0,1694000,344
55983,2018,OFFICE OF PREKINDERGARTEN THROUGH GRADE TWELVE EDUCATION PROGRAM,General Fund; Local Assistance Account - 10000,1910000.0,443000,344
55984,2018,OFFICE OF PREKINDERGARTEN THROUGH GRADE TWELVE EDUCATION PROGRAM,General Fund; Local Assistance Account - 10000,882000.0,202000,344
55985,2018,OFFICE OF PREKINDERGARTEN THROUGH GRADE TWELVE EDUCATION PROGRAM,General Fund; Local Assistance Account - 10000,6000000.0,440000,345
55986,2018,OFFICE OF PREKINDERGARTEN THROUGH GRADE TWELVE EDUCATION PROGRAM,General Fund; Local Assistance Account - 10000,10000000.0,9359000,349
55996,2018,OFFICE OF PREKINDERGARTEN THROUGH GRADE TWELVE EDUCATION PROGRAM,General Fund; Local Assistance Account - 10000,2000000.0,1046000,347
55997,2018,OFFICE OF PREKINDERGARTEN THROUGH GRADE TWELVE EDUCATION PROGRAM,General Fund; Local Assistance Account - 10000,500000.0,183000,348
55998,2018,OFFICE OF PREKINDERGARTEN THROUGH GRADE TWELVE EDUCATION PROGRAM,General Fund; Local Assistance Account - 10000,770000.0,387000,347
55999,2018,OFFICE OF PREKINDERGARTEN THROUGH GRADE TWELVE EDUCATION PROGRAM,General Fund; Local Assistance Account - 10000,500000.0,500000,347
56045,2018,OFFICE OF PREKINDERGARTEN THROUGH GRADE TWELVE EDUCATION PROGRAM,General Fund; Local Assistance Account - 10000,1000000.0,757000,348
56139,2018,OFFICE OF PREKINDERGARTEN THROUGH GRADE TWELVE EDUCATION PROGRAM,General Fund; Local Assistance Account - 10000,1465000.0,258000,348
56150,2018,OFFICE OF PREKINDERGARTEN THROUGH GRADE TWELVE EDUCATION PROGRAM,General Fund; Local Assistance Account - 10000,500000.0,500000,338
,2018,OFFICE OF PREKINDERGARTEN THROUGH GRADE TWELVE EDUCATION PROGRAM,General Fund; Local Assistance Account - 10000,40000000.0,4420000,338
,2018,OFFICE OF PREKINDERGARTEN THROUGH GRADE TWELVE EDUCATION PROGRAM,General Fund; Local Assistance Account - 10000,17848900.0,4617000,338
21705,2017,OFFICE OF PREKINDERGARTEN THROUGH GRADE TWELVE EDUCATION PROGRAM,General Fund; Local Assistance Account - 10000,96200000.0,7051000,352
21706,2017,OFFICE OF PREKINDERGARTEN THROUGH GRADE TWELVE EDUCATION PROGRAM,General Fund; Local Assistance Account - 10000,1035000000.0,185983000,352
21707,2017,OFFICE OF PREKINDERGARTEN THROUGH GRADE TWELVE EDUCATION PROGRAM,General Fund; Local Assistance Account - 10000,364500000.0,55429000,352
21771,2017,OFFICE OF PREKINDERGARTEN THROUGH GRADE TWELVE EDUCATION PROGRAM,General Fund; Local Assistance Account - 10000,922000.0,922000,353
55928,2017,OFFICE OF PREKINDERGARTEN THROUGH GRADE TWELVE EDUCATION PROGRAM,General Fund; Local Assistance Account - 10000,18000000.0,1749000,352
55951,2017,OFFICE OF PREKINDERGARTEN THROUGH GRADE TWELVE EDUCATION PROGRAM,General Fund; Local Assistance Account - 10000,35000000.0,10060000,350
55953,2017,OFFICE OF PREKINDERGARTEN THROUGH GRADE TWELVE EDUCATION PROGRAM,General Fund; Local Assistance Account - 10000,5300000.0,3141000,350
55955,2017,OFFICE OF PREKINDERGARTEN THROUGH GRADE TWELVE EDUCATION PROGRAM,General Fund; Local Assistance Account - 10000,400000.0,125000,351
55956,2017,OFFICE OF PREKINDERGARTEN THROUGH GRADE TWELVE EDUCATION PROGRAM,General Fund; Local Assistance Account - 10000,300000.0,77000,354
55961,2017,OFFICE OF PREKINDERGARTEN THROUGH GRADE TWELVE EDUCATION PROGRAM,General Fund; Local Assistance Account - 10000,2000000.0,2000000,352
55963,2017,OFFICE OF PREKINDERGARTEN THROUGH GRADE TWELVE EDUCATION PROGRAM,General Fund; Local Assistance Account - 10000,4278000.0,947000,352
56045,2017,OFFICE OF PREKINDERGARTEN THROUGH GRADE TWELVE EDUCATION PROGRAM,General Fund; Local Assistance Account - 10000,1000000.0,1000000,353
56139,2017,OFFICE OF PREKINDERGARTEN THROUGH GRADE TWELVE EDUCATION PROGRAM,General Fund; Local Assistance Account - 10000,1465000.0,958000,353
,2017,OFFICE OF PREKINDERGARTEN THROUGH GRADE TWELVE EDUCATION PROGRAM,General Fund; Local Assistance Account - 10000,18579000.0,2700000,353
21771,2016,OFFICE OF PREKINDERGARTEN THROUGH GRADE TWELVE EDUCATION PROGRAM,General Fund; Local Assistance Account - 10000,922000.0,922000,355
55928,2016,OFFICE OF PREKINDERGARTEN THROUGH GRADE TWELVE EDUCATION PROGRAM,General Fund; Local Assistance Account - 10000,18000000.0,2137000,355
55932,2016,OFFICE OF PREKINDERGARTEN THROUGH GRADE TWELVE EDUCATION PROGRAM,General Fund; Local Assistance Account - 10000,75000000.0,10396000,354
55936,2016,OFFICE OF PREKINDERGARTEN THROUGH GRADE TWELVE EDUCATION PROGRAM,General Fund; Local Assistance Account - 10000,1000000.0,1000000,354
56045,2016,OFFICE OF PREKINDERGARTEN THROUGH GRADE TWELVE EDUCATION PROGRAM,General Fund; Local Assistance Account - 10000,1000000.0,1000000,355
,2016,OFFICE OF PREKINDERGARTEN THROUGH GRADE TWELVE EDUCATION PROGRAM,General Fund; Local Assistance Account - 10000,24995000.0,996000,355
21771,2015,OFFICE OF PREKINDERGARTEN THROUGH GRADE TWELVE EDUCATION PROGRAM,General Fund; Local Assistance Account - 10000,922000.0,922000,355
55906,2015,OFFICE OF PREKINDERGARTEN THROUGH GRADE TWELVE EDUCATION PROGRAM,General Fund; Local Assistance Account - 10000,75000000.0,8424000,356
56045,2015,OFFICE OF PREKINDERGARTEN THROUGH GRADE TWELVE EDUCATION PROGRAM,General Fund; Local Assistance Account - 10000,1000000.0,1000000,356
,2015,OFFICE OF PREKINDERGARTEN THROUGH GRADE TWELVE EDUCATION PROGRAM,General Fund; Local Assistance Account - 10000,903000.0,73000,355
,2015,OFFICE OF PREKINDERGARTEN THROUGH GRADE TWELVE EDUCATION PROGRAM,General Fund; Local Assistance Account - 10000,15500000.0,547000,355
21771,2014,OFFICE OF PREKINDERGARTEN THROUGH GRADE TWELVE EDUCATION PROGRAM,General Fund; Local Assistance Account - 10000,922000.0,922000,357
56045,2014,OFFICE OF PREKINDERGARTEN THROUGH GRADE TWELVE EDUCATION PROGRAM,General Fund; Local Assistance Account - 10000,1000000.0,1000000,357
56148,2014,OFFICE OF PREKINDERGARTEN THROUGH GRADE TWELVE EDUCATION PROGRAM,General Fund; Local Assistance Account - 10000,4278000.0,393000,356
,2014,OFFICE OF PREKINDERGARTEN THROUGH GRADE TWELVE EDUCATION PROGRAM,General Fund; Local Assistance Account - 10000,23420000.0,1730000,356
,2014,OFFICE OF PREKINDERGARTEN THROUGH GRADE TWELVE EDUCATION PROGRAM,General Fund; Local Assistance Account - 10000,19050000.0,635000,357
21771,2013,OFFICE OF PREKINDERGARTEN THROUGH GRADE TWELVE EDUCATION PROGRAM,General Fund; Local Assistance Account - 10000,922000.0,922000,357
56045,2013,OFFICE OF PREKINDERGARTEN THROUGH GRADE TWELVE EDUCATION PROGRAM,General Fund; Local Assistance Account - 10000,1000000.0,1000000,357
21771,2012,OFFICE OF PREKINDERGARTEN THROUGH GRADE TWELVE EDUCATION PROGRAM,General Fund; Local Assistance Account - 10000,922000.0,532000,357
21806,2012,OFFICE OF PREKINDERGARTEN THROUGH GRADE TWELVE EDUCATION PROGRAM,General Fund; Local Assistance Account - 10000,1000000.0,701000,357
,2012,OFFICE OF PREKINDERGARTEN THROUGH GRADE TWELVE EDUCATION PROGRAM,General Fund; Local Assistance Account - 10000,9121000.0,430000,357
,2012,OFFICE OF PREKINDERGARTEN THROUGH GRADE TWELVE EDUCATION PROGRAM,General Fund; Local Assistance Account - 10000,1500000.0,1395000,358
21771,2011,OFFICE OF PREKINDERGARTEN THROUGH GRADE TWELVE EDUCATION PROGRAM,General Fund; Local Assistance Account - 10000,922000.0,11000,358
23451,2011,OFFICE OF PREKINDERGARTEN THROUGH GRADE TWELVE EDUCATION PROGRAM,General Fund; Local Assistance Account - 10000,6000000.0,1147000,358
,2011,OFFICE OF PREKINDERGARTEN THROUGH GRADE TWELVE EDUCATION PROGRAM,General Fund; Local Assistance Account - 10000,16226000.0,94000,358
21771,2010,OFFICE OF PREKINDERGARTEN THROUGH GRADE TWELVE EDUCATION PROGRAM,General Fund; Local Assistance Account - 10000,922000.0,2000,358
21771,2008,OFFICE OF PREKINDERGARTEN THROUGH GRADE TWELVE EDUCATION PROGRAM,General Fund; Local Assistance Account - 10000,980000.0,14000,358
21771,2006,OFFICE OF PREKINDERGARTEN THROUGH GRADE TWELVE EDUCATION PROGRAM,General Fund; Local Assistance Account - 10000,1000000.0,2000,359
,2006,OFFICE OF PREKINDERGARTEN THROUGH GRADE TWELVE EDUCATION PROGRAM,General Fund; Local Assistance Account - 10000,250000.0,102000,359
,2006,OFFICE OF PREKINDERGARTEN THROUGH GRADE TWELVE EDUCATION PROGRAM,General Fund; Local Assistance Account - 10000,12995000.0,530000,359
,2006,OFFICE OF PREKINDERGARTEN THROUGH GRADE TWELVE EDUCATION PROGRAM,General Fund; Local Assistance Account - 10000,81456250.0,4207000,359
,2005,OFFICE OF PREKINDERGARTEN THROUGH GRADE TWELVE EDUCATION PROGRAM,General Fund; Local Assistance Account - 10000,27110400.0,520000,359
,2003,OFFICE OF PREKINDERGARTEN THROUGH GRADE TWELVE EDUCATION PROGRAM,General Fund; Local Assistance Account - 10000,41498700.0,506000,359
,2001,OFFICE OF PREKINDERGARTEN THROUGH GRADE TWELVE EDUCATION PROGRAM,General Fund; Local Assistance Account - 10000,25000000.0,14000,359
23371,2022,OFFICE OF PREKINDERGARTEN THROUGH GRADE TWELVE EDUCATION PROGRAM,Special Revenue Funds - Federal; Federal Education Fund; Education Stabilization Fund - 25210,6502000.0,6502000,360
23372,2022,OFFICE OF PREKINDERGARTEN THROUGH GRADE TWELVE EDUCATION PROGRAM,Special Revenue Funds - Federal; Federal Education Fund; Education Stabilization Fund - 25210,2345000.0,2345000,360
23339,2021,OFFICE OF PREKINDERGARTEN THROUGH GRADE TWELVE EDUCATION PROGRAM,Special Revenue Funds - Federal; Federal Education Fund; Education Stabilization Fund - 25210,250114000.0,126130000,365
23357,2021,OFFICE OF PREKINDERGARTEN THROUGH GRADE TWELVE EDUCATION PROGRAM,Special Revenue Funds - Federal; Federal Education Fund; Education Stabilization Fund - 25210,8988781000.0,5638640000,360
23358,2021,OFFICE OF PREKINDERGARTEN THROUGH GRADE TWELVE EDUCATION PROGRAM,Special Revenue Funds - Federal; Federal Education Fund; Education Stabilization Fund - 25210,250114000.0,248621000,366
23360,2021,OFFICE OF PREKINDERGARTEN THROUGH GRADE TWELVE EDUCATION PROGRAM,Special Revenue Funds - Federal; Federal Education Fund; Education Stabilization Fund - 25210,4069958000.0,1078236000,360
21737,2023,OFFICE OF PREKINDERGARTEN THROUGH GRADE TWELVE EDUCATION PROGRAM,Special Revenue Funds - Federal; Federal Education Fund; Federal Department of Education Account - 25210,987970000.0,977921000,370
21740,2023,OFFICE OF PREKINDERGARTEN THROUGH GRADE TWELVE EDUCATION PROGRAM,Special Revenue Funds - Federal; Federal Education Fund; Federal Department of Education Account - 25210,1771819000.0,1771229000,368
23407,2023,OFFICE OF PREKINDERGARTEN THROUGH GRADE TWELVE EDUCATION PROGRAM,Special Revenue Funds - Federal; Federal Education Fund; Federal Department of Education Account - 25210,34425000.0,34425000,370
23413,2023,OFFICE OF PREKINDERGARTEN THROUGH GRADE TWELVE EDUCATION PROGRAM,Special Revenue Funds - Federal; Federal Education Fund; Federal Department of Education Account - 25210,8000000.0,8000000,369
23414,2023,OFFICE OF PREKINDERGARTEN THROUGH GRADE TWELVE EDUCATION PROGRAM,Special Revenue Funds - Federal; Federal Education Fund; Federal Department of Education Account - 25210,5000000.0,5000000,369
23415,2023,OFFICE OF PREKINDERGARTEN THROUGH GRADE TWELVE EDUCATION PROGRAM,Special Revenue Funds - Federal; Federal Education Fund; Federal Department of Education Account - 25210,28000000.0,28000000,369
23416,2023,OFFICE OF PREKINDERGARTEN THROUGH GRADE TWELVE EDUCATION PROGRAM,Special Revenue Funds - Federal; Federal Education Fund; Federal Department of Education Account - 25210,253326000.0,253326000,369
23417,2023,OFFICE OF PREKINDERGARTEN THROUGH GRADE TWELVE EDUCATION PROGRAM,Special Revenue Funds - Federal; Federal Education Fund; Federal Department of Education Account - 25210,65331000.0,65331000,368
23418,2023,OFFICE OF PREKINDERGARTEN THROUGH GRADE TWELVE EDUCATION PROGRAM,Special Revenue Funds - Federal; Federal Education Fund; Federal Department of Education Account - 25210,256841000.0,256841000,368
23477,2023,OFFICE OF PREKINDERGARTEN THROUGH GRADE TWELVE EDUCATION PROGRAM,Special Revenue Funds - Federal; Federal Education Fund; Federal Department of Education Account - 25210,68578000.0,68578000,370
21737,2022,OFFICE OF PREKINDERGARTEN THROUGH GRADE TWELVE EDUCATION PROGRAM,Special Revenue Funds - Federal; Federal Education Fund; Federal Department of Education Account - 25210,987970000.0,388767000,373
21740,2022,OFFICE OF PREKINDERGARTEN THROUGH GRADE TWELVE EDUCATION PROGRAM,Special Revenue Funds - Federal; Federal Education Fund; Federal Department of Education Account - 25210,1771819000.0,1025740000,371
23407,2022,OFFICE OF PREKINDERGARTEN THROUGH GRADE TWELVE EDUCATION PROGRAM,Special Revenue Funds - Federal; Federal Education Fund; Federal Department of Education Account - 25210,34425000.0,34425000,373
23413,2022,OFFICE OF PREKINDERGARTEN THROUGH GRADE TWELVE EDUCATION PROGRAM,Special Revenue Funds - Federal; Federal Education Fund; Federal Department of Education Account - 25210,8000000.0,7148000,372
23414,2022,OFFICE OF PREKINDERGARTEN THROUGH GRADE TWELVE EDUCATION PROGRAM,Special Revenue Funds - Federal; Federal Education Fund; Federal Department of Education Account - 25210,5000000.0,4924000,372
23415,2022,OFFICE OF PREKINDERGARTEN THROUGH GRADE TWELVE EDUCATION PROGRAM,Special Revenue Funds - Federal; Federal Education Fund; Federal Department of Education Account - 25210,28000000.0,28000000,372
23416,2022,OFFICE OF PREKINDERGARTEN THROUGH GRADE TWELVE EDUCATION PROGRAM,Special Revenue Funds - Federal; Federal Education Fund; Federal Department of Education Account - 25210,178326000.0,175431000,372
23417,2022,OFFICE OF PREKINDERGARTEN THROUGH GRADE TWELVE EDUCATION PROGRAM,Special Revenue Funds - Federal; Federal Education Fund; Federal Department of Education Account - 25210,65331000.0,60239000,371
23418,2022,OFFICE OF PREKINDERGARTEN THROUGH GRADE TWELVE EDUCATION PROGRAM,Special Revenue Funds - Federal; Federal Education Fund; Federal Department of Education Account - 25210,256841000.0,232205000,371
23477,2022,OFFICE OF PREKINDERGARTEN THROUGH GRADE TWELVE EDUCATION PROGRAM,Special Revenue Funds - Federal; Federal Education Fund; Federal Department of Education Account - 25210,68578000.0,35383000,373
21737,2021,OFFICE OF PREKINDERGARTEN THROUGH GRADE TWELVE EDUCATION PROGRAM,Special Revenue Funds - Federal; Federal Education Fund; Federal Department of Education Account - 25210,987970000.0,132014000,376
21740,2021,OFFICE OF PREKINDERGARTEN THROUGH GRADE TWELVE EDUCATION PROGRAM,Special Revenue Funds - Federal; Federal Education Fund; Federal Department of Education Account - 25210,1771819000.0,583223000,374
23407,2021,OFFICE OF PREKINDERGARTEN THROUGH GRADE TWELVE EDUCATION PROGRAM,Special Revenue Funds - Federal; Federal Education Fund; Federal Department of Education Account - 25210,34425000.0,34425000,376
23413,2021,OFFICE OF PREKINDERGARTEN THROUGH GRADE TWELVE EDUCATION PROGRAM,Special Revenue Funds - Federal; Federal Education Fund; Federal Department of Education Account - 25210,8000000.0,3060000,376
23414,2021,OFFICE OF PREKINDERGARTEN THROUGH GRADE TWELVE EDUCATION PROGRAM,Special Revenue Funds - Federal; Federal Education Fund; Federal Department of Education Account - 25210,5000000.0,3602000,375
23415,2021,OFFICE OF PREKINDERGARTEN THROUGH GRADE TWELVE EDUCATION PROGRAM,Special Revenue Funds - Federal; Federal Education Fund; Federal Department of Education Account - 25210,28000000.0,22824000,375
23416,2021,OFFICE OF PREKINDERGARTEN THROUGH GRADE TWELVE EDUCATION PROGRAM,Special Revenue Funds - Federal; Federal Education Fund; Federal Department of Education Account - 25210,178326000.0,43891000,375
23417,2021,OFFICE OF PREKINDERGARTEN THROUGH GRADE TWELVE EDUCATION PROGRAM,Special Revenue Funds - Federal; Federal Education Fund; Federal Department of Education Account - 25210,65331000.0,11226000,374
23418,2021,OFFICE OF PREKINDERGARTEN THROUGH GRADE TWELVE EDUCATION PROGRAM,Special Revenue Funds - Federal; Federal Education Fund; Federal Department of Education Account - 25210,256841000.0,135975000,374
23477,2021,OFFICE OF PREKINDERGARTEN THROUGH GRADE TWELVE EDUCATION PROGRAM,Special Revenue Funds - Federal; Federal Education Fund; Federal Department of Education Account - 25210,68578000.0,15160000,376
21737,2020,OFFICE OF PREKINDERGARTEN THROUGH GRADE TWELVE EDUCATION PROGRAM,Special Revenue Funds - Federal; Federal Education Fund; Federal Department of Education Account - 25210,815347000.0,9899000,378
21740,2020,OFFICE OF PREKINDERGARTEN THROUGH GRADE TWELVE EDUCATION PROGRAM,Special Revenue Funds - Federal; Federal Education Fund; Federal Department of Education Account - 25210,1771819000.0,583985000,377
23335,2020,OFFICE OF PREKINDERGARTEN THROUGH GRADE TWELVE EDUCATION PROGRAM,Special Revenue Funds - Federal; Federal Education Fund; Federal Department of Education Account - 25210,1210000000.0,18018000,377
23407,2020,OFFICE OF PREKINDERGARTEN THROUGH GRADE TWELVE EDUCATION PROGRAM,Special Revenue Funds - Federal; Federal Education Fund; Federal Department of Education Account - 25210,34425000.0,34425000,378
23414,2020,OFFICE OF PREKINDERGARTEN THROUGH GRADE TWELVE EDUCATION PROGRAM,Special Revenue Funds - Federal; Federal Education Fund; Federal Department of Education Account - 25210,5000000.0,2724000,378
23415,2020,OFFICE OF PREKINDERGARTEN THROUGH GRADE TWELVE EDUCATION PROGRAM,Special Revenue Funds - Federal; Federal Education Fund; Federal Department of Education Account - 25210,28000000.0,14705000,378
23416,2020,OFFICE OF PREKINDERGARTEN THROUGH GRADE TWELVE EDUCATION PROGRAM,Special Revenue Funds - Federal; Federal Education Fund; Federal Department of Education Account - 25210,178326000.0,3193000,377
21737,2019,OFFICE OF PREKINDERGARTEN THROUGH GRADE TWELVE EDUCATION PROGRAM,Special Revenue Funds - Federal; Federal Education Fund; Federal Department of Education Account - 25210,815347000.0,33685000,379
23415,2019,OFFICE OF PREKINDERGARTEN THROUGH GRADE TWELVE EDUCATION PROGRAM,Special Revenue Funds - Federal; Federal Education Fund; Federal Department of Education Account - 25210,28000000.0,2076000,379
21742,2023,OFFICE OF PREKINDERGARTEN THROUGH GRADE TWELVE EDUCATION PROGRAM,Special Revenue Funds - Federal; Federal Health and Human Services Fund; Federal Health and Human Services Account - 25122,5000000.0,5000000,380
21742,2022,OFFICE OF PREKINDERGARTEN THROUGH GRADE TWELVE EDUCATION PROGRAM,Special Revenue Funds - Federal; Federal Health and Human Services Fund; Federal Health and Human Services Account - 25122,5000000.0,4466000,380
21742,2021,OFFICE OF PREKINDERGARTEN THROUGH GRADE TWELVE EDUCATION PROGRAM,Special Revenue Funds - Federal; Federal Health and Human Services Fund; Federal Health and Human Services Account - 25122,5000000.0,3761000,381
21742,2020,OFFICE OF PREKINDERGARTEN THROUGH GRADE TWELVE EDUCATION PROGRAM,Special Revenue Funds - Federal; Federal Health and Human Services Fund; Federal Health and Human Services Account - 25122,5000000.0,3734000,381
21742,2019,OFFICE OF PREKINDERGARTEN THROUGH GRADE TWELVE EDUCATION PROGRAM,Special Revenue Funds - Federal; Federal Health and Human Services Fund; Federal Health and Human Services Account - 25122,5000000.0,4283000,381
21742,2018,OFFICE OF PREKINDERGARTEN THROUGH GRADE TWELVE EDUCATION PROGRAM,Special Revenue Funds - Federal; Federal Health and Human Services Fund; Federal Health and Human Services Account - 25122,5000000.0,4607000,381
21826,2023,OFFICE OF PREKINDERGARTEN THROUGH GRADE TWELVE EDUCATION PROGRAM,Special Revenue Funds - Federal; Federal Miscellaneous Operating Grants Fund; Federal Operating Grants Account - 25456,5000000.0,5000000,381
23359,2021,OFFICE OF PREKINDERGARTEN THROUGH GRADE TWELVE EDUCATION PROGRAM,Special Revenue Funds - Federal; Federal Miscellaneous Operating Grants Fund; Federal Operating Grants Account - 25456,15000000.0,15000000,381
21703,2023,OFFICE OF PREKINDERGARTEN THROUGH GRADE TWELVE EDUCATION PROGRAM,Special Revenue Funds - Federal; Federal USDA-Food and Nutrition Services Fund; Federal USDA-Food and Nutrition Services Account - 25026,1716536000.0,1344407000,381
21703,2022,OFFICE OF PREKINDERGARTEN THROUGH GRADE TWELVE EDUCATION PROGRAM,Special Revenue Funds - Federal; Federal USDA-Food and Nutrition Services Fund; Federal USDA-Food and Nutrition Services Account - 25026,1550675000.0,54705000,381
21703,2021,OFFICE OF PREKINDERGARTEN THROUGH GRADE TWELVE EDUCATION PROGRAM,Special Revenue Funds - Federal; Federal USDA-Food and Nutrition Services Fund; Federal USDA-Food and Nutrition Services Account - 25026,1419690000.0,234000,382
21703,2020,OFFICE OF PREKINDERGARTEN THROUGH GRADE TWELVE EDUCATION PROGRAM,Special Revenue Funds - Federal; Federal USDA-Food and Nutrition Services Fund; Federal USDA-Food and Nutrition Services Account - 25026,1259690000.0,3000,382
30006,2023,STUDENT GRANT AND AWARD PROGRAMS,General Fund; Local Assistance Account - 10000,150000.0,150000,984
30012,2023,STUDENT GRANT AND AWARD PROGRAMS,General Fund; Local Assistance Account - 10000,3933000.0,3851000,973
30012,2023,STUDENT GRANT AND AWARD PROGRAMS,General Fund; Local Assistance Account - 10000,1000000.0,1000000,984
30016,2023,STUDENT GRANT AND AWARD PROGRAMS,General Fund; Local Assistance Account - 10000,1728000.0,1728000,984
30026,2023,STUDENT GRANT AND AWARD PROGRAMS,General Fund; Local Assistance Account - 10000,50000.0,34000,984
30027,2023,STUDENT GRANT AND AWARD PROGRAMS,General Fund; Local Assistance Account - 10000,50000.0,50000,984
30028,2023,STUDENT GRANT AND AWARD PROGRAMS,General Fund; Local Assistance Account - 10000,3129000.0,3122000,984
30034,2023,STUDENT GRANT AND AWARD PROGRAMS,General Fund; Local Assistance Account - 10000,2500000.0,2500000,985
,2023,STUDENT GRANT AND AWARD PROGRAMS,General Fund; Local Assistance Account - 10000,50000.0,50000,984
30006,2022,STUDENT GRANT AND AWARD PROGRAMS,General Fund; Local Assistance Account - 10000,150000.0,150000,985
30009,2022,STUDENT GRANT AND AWARD PROGRAMS,General Fund; Local Assistance Account - 10000,50000.0,50000,985
30012,2022,STUDENT GRANT AND AWARD PROGRAMS,General Fund; Local Assistance Account - 10000,3933000.0,1625000,985
30012,2022,STUDENT GRANT AND AWARD PROGRAMS,General Fund; Local Assistance Account - 10000,2000000.0,2000000,985
30016,2022,STUDENT GRANT AND AWARD PROGRAMS,General Fund; Local Assistance Account - 10000,1728000.0,1728000,985
30026,2022,STUDENT GRANT AND AWARD PROGRAMS,General Fund; Local Assistance Account - 10000,50000.0,18000,985
30027,2022,STUDENT GRANT AND AWARD PROGRAMS,General Fund; Local Assistance Account - 10000,50000.0,50000,985
30028,2022,STUDENT GRANT AND AWARD PROGRAMS,General Fund; Local Assistance Account - 10000,3129000.0,2749000,985
30006,2021,STUDENT GRANT AND AWARD PROGRAMS,General Fund; Local Assistance Account - 10000,150000.0,150000,986
30012,2021,STUDENT GRANT AND AWARD PROGRAMS,General Fund; Local Assistance Account - 10000,3933000.0,564000,985
30016,2021,STUDENT GRANT AND AWARD PROGRAMS,General Fund; Local Assistance Account - 10000,1728000.0,569000,986
30026,2021,STUDENT GRANT AND AWARD PROGRAMS,General Fund; Local Assistance Account - 10000,50000.0,50000,986
30027,2021,STUDENT GRANT AND AWARD PROGRAMS,General Fund; Local Assistance Account - 10000,50000.0,50000,987
30028,2021,STUDENT GRANT AND AWARD PROGRAMS,General Fund; Local Assistance Account - 10000,3129000.0,2938000,987
30006,2020,STUDENT GRANT AND AWARD PROGRAMS,General Fund; Local Assistance Account - 10000,150000.0,53000,987
30016,2020,STUDENT GRANT AND AWARD PROGRAMS,General Fund; Local Assistance Account - 10000,1728000.0,142000,987
30026,2020,STUDENT GRANT AND AWARD PROGRAMS,General Fund; Local Assistance Account - 10000,50000.0,50000,987
30027,2020,STUDENT GRANT AND AWARD PROGRAMS,General Fund; Local Assistance Account - 10000,50000.0,50000,987
30028,2020,STUDENT GRANT AND AWARD PROGRAMS,General Fund; Local Assistance Account - 10000,3129000.0,2799000,987
30006,2019,STUDENT GRANT AND AWARD PROGRAMS,General Fund; Local Assistance Account - 10000,150000.0,49000,987
30016,2019,STUDENT GRANT AND AWARD PROGRAMS,General Fund; Local Assistance Account - 10000,1728000.0,484000,987
30026,2019,STUDENT GRANT AND AWARD PROGRAMS,General Fund; Local Assistance Account - 10000,50000.0,50000,987
30027,2019,STUDENT GRANT AND AWARD PROGRAMS,General Fund; Local Assistance Account - 10000,50000.0,50000,988
30028,2019,STUDENT GRANT AND AWARD PROGRAMS,General Fund; Local Assistance Account - 10000,3129000.0,2787000,988
30006,2018,STUDENT GRANT AND AWARD PROGRAMS,General Fund; Local Assistance Account - 10000,150000.0,48000,988
30016,2018,STUDENT GRANT AND AWARD PROGRAMS,General Fund; Local Assistance Account - 10000,1728000.0,37000,988
30026,2018,STUDENT GRANT AND AWARD PROGRAMS,General Fund; Local Assistance Account - 10000,50000.0,10000,988
30027,2018,STUDENT GRANT AND AWARD PROGRAMS,General Fund; Local Assistance Account - 10000,50000.0,50000,988
30028,2018,STUDENT GRANT AND AWARD PROGRAMS,General Fund; Local Assistance Account - 10000,3129000.0,2600000,988
30029,2018,STUDENT GRANT AND AWARD PROGRAMS,General Fund; Local Assistance Account - 10000,4000000.0,326000,988
30030,2018,STUDENT GRANT AND AWARD PROGRAMS,General Fund; Local Assistance Account - 10000,1000000.0,335000,988
30006,2017,STUDENT GRANT AND AWARD PROGRAMS,General Fund; Local Assistance Account - 10000,150000.0,51000,988
30016,2017,STUDENT GRANT AND AWARD PROGRAMS,General Fund; Local Assistance Account - 10000,1728000.0,19000,988
30026,2017,STUDENT GRANT AND AWARD PROGRAMS,General Fund; Local Assistance Account - 10000,50000.0,50000,988
30027,2017,STUDENT GRANT AND AWARD PROGRAMS,General Fund; Local Assistance Account - 10000,50000.0,4000,988
30028,2017,STUDENT GRANT AND AWARD PROGRAMS,General Fund; Local Assistance Account - 10000,3129000.0,2600000,988
30030,2017,STUDENT GRANT AND AWARD PROGRAMS,General Fund; Local Assistance Account - 10000,500000.0,26000,989
30011,2015,STUDENT GRANT AND AWARD PROGRAMS,General Fund; Local Assistance Account - 10000,5000000.0,1330000,989
