category,agency,appropriation_id,chapter_year,appropriation_amount,reappropriation_amount,account,record_type,page_number,source_budget,composite_key
extra_in_reconstruction,DIVISION OF CRIMINAL JUSTICE SERVICES,60175,2022,50000000,21391000,DOCS Rehabilitation Projects Account - 32352,reappropriation,116,executive,DIVISION OF CRIMINAL JUSTICE SERVICES|60175|2022|50000000|DOCS REHABILITATION PROJECTS ACCOUNT - 32352
extra_in_reconstruction,EDUCATION DEPARTMENT,23456,2002,5000000,4410000,DOCS Rehabilitation Projects Account - 32352,reappropriation,123,executive,EDUCATION DEPARTMENT|23456|2002|5000000|DOCS REHABILITATION PROJECTS ACCOUNT - 32352
extra_in_reconstruction,EDUCATION DEPARTMENT,MISSING_ID,2019,20000000,7583000,Office of the Professions Electronic Licensing Account - 32222,reappropriation,130,executive,EDUCATION DEPARTMENT|MISSING_ID|2019|20000000|7583000|130
extra_in_reconstruction,DEPARTMENT OF ENVIRONMENTAL CONSERVATION,24700,2011,12000000,5500000,Recreation and Historic Preservation Account - 30453,reappropriation,246,executive,DEPARTMENT OF ENVIRONMENTAL CONSERVATION|24700|2011|12000000|RECREATION AND HISTORIC PRESERVATION ACCOUNT - 30453
extra_in_reconstruction,DEPARTMENT OF ENVIRONMENTAL CONSERVATION,24718,2024,2000000,1155000,Habitat Conservation and Access Account - 32217,reappropriation,280,executive,DEPARTMENT OF ENVIRONMENTAL CONSERVATION|24718|2024|2000000|HABITAT CONSERVATION AND ACCESS ACCOUNT - 32217
extra_in_reconstruction,DEPARTMENT OF ENVIRONMENTAL CONSERVATION,24861,2017,500000,500000,Pure Waters Bond Fund Account - 30620,reappropriation,295,executive,DEPARTMENT OF ENVIRONMENTAL CONSERVATION|24861|2017|500000|PURE WATERS BOND FUND ACCOUNT - 30620
extra_in_reconstruction,DEPARTMENT OF ENVIRONMENTAL CONSERVATION,24861,2013,1000000,140000,Pure Waters Bond Fund Account - 30620,reappropriation,295,executive,DEPARTMENT OF ENVIRONMENTAL CONSERVATION|24861|2013|1000000|PURE WATERS BOND FUND ACCOUNT - 30620
extra_in_reconstruction,DEPARTMENT OF ENVIRONMENTAL CONSERVATION,24868,2024,20000000,20000000,Pure Waters Bond Fund Account - 30620,reappropriation,296,executive,DEPARTMENT OF ENVIRONMENTAL CONSERVATION|24868|2024|20000000|PURE WATERS BOND FUND ACCOUNT - 30620
extra_in_reconstruction,DEPARTMENT OF ENVIRONMENTAL CONSERVATION,24868,2023,20000000,20000000,Pure Waters Bond Fund Account - 30620,reappropriation,297,executive,DEPARTMENT OF ENVIRONMENTAL CONSERVATION|24868|2023|20000000|PURE WATERS BOND FUND ACCOUNT - 30620
extra_in_reconstruction,DEPARTMENT OF ENVIRONMENTAL CONSERVATION,24868,2022,20000000,20000000,Pure Waters Bond Fund Account - 30620,reappropriation,297,executive,DEPARTMENT OF ENVIRONMENTAL CONSERVATION|24868|2022|20000000|PURE WATERS BOND FUND ACCOUNT - 30620
extra_in_reconstruction,DEPARTMENT OF ENVIRONMENTAL CONSERVATION,24868,2021,20000000,13842000,Pure Waters Bond Fund Account - 30620,reappropriation,298,executive,DEPARTMENT OF ENVIRONMENTAL CONSERVATION|24868|2021|20000000|PURE WATERS BOND FUND ACCOUNT - 30620
extra_in_reconstruction,DEPARTMENT OF ENVIRONMENTAL CONSERVATION,24868,2020,20000000,9981000,Pure Waters Bond Fund Account - 30620,reappropriation,298,executive,DEPARTMENT OF ENVIRONMENTAL CONSERVATION|24868|2020|20000000|PURE WATERS BOND FUND ACCOUNT - 30620
extra_in_reconstruction,DEPARTMENT OF ENVIRONMENTAL CONSERVATION,24868,2019,20000000,1194000,Pure Waters Bond Fund Account - 30620,reappropriation,298,executive,DEPARTMENT OF ENVIRONMENTAL CONSERVATION|24868|2019|20000000|PURE WATERS BOND FUND ACCOUNT - 30620
extra_in_reconstruction,DEPARTMENT OF ENVIRONMENTAL CONSERVATION,24868,2018,16000000,290000,Pure Waters Bond Fund Account - 30620,reappropriation,299,executive,DEPARTMENT OF ENVIRONMENTAL CONSERVATION|24868|2018|16000000|PURE WATERS BOND FUND ACCOUNT - 30620
extra_in_reconstruction,DEPARTMENT OF ENVIRONMENTAL CONSERVATION,24868,2017,16000000,3935000,Pure Waters Bond Fund Account - 30620,reappropriation,299,executive,DEPARTMENT OF ENVIRONMENTAL CONSERVATION|24868|2017|16000000|PURE WATERS BOND FUND ACCOUNT - 30620
extra_in_reconstruction,DEPARTMENT OF ENVIRONMENTAL CONSERVATION,24868,2016,8000000,2494000,Pure Waters Bond Fund Account - 30620,reappropriation,300,executive,DEPARTMENT OF ENVIRONMENTAL CONSERVATION|24868|2016|8000000|PURE WATERS BOND FUND ACCOUNT - 30620
extra_in_reconstruction,DEPARTMENT OF ENVIRONMENTAL CONSERVATION,24868,2015,8000000,574000,Pure Waters Bond Fund Account - 30620,reappropriation,300,executive,DEPARTMENT OF ENVIRONMENTAL CONSERVATION|24868|2015|8000000|PURE WATERS BOND FUND ACCOUNT - 30620
extra_in_reconstruction,DEPARTMENT OF ENVIRONMENTAL CONSERVATION,24868,2008,10000000,28000,Pure Waters Bond Fund Account - 30620,reappropriation,300,executive,DEPARTMENT OF ENVIRONMENTAL CONSERVATION|24868|2008|10000000|PURE WATERS BOND FUND ACCOUNT - 30620
extra_in_reconstruction,DEPARTMENT OF ENVIRONMENTAL CONSERVATION,24865,2006,25000000,360000,Pure Waters Bond Fund Account - 30620,reappropriation,300,executive,DEPARTMENT OF ENVIRONMENTAL CONSERVATION|24865|2006|25000000|PURE WATERS BOND FUND ACCOUNT - 30620
extra_in_reconstruction,DEPARTMENT OF ENVIRONMENTAL CONSERVATION,24868,2004,30000000,196000,Environmental Restoration Projects Account - 31504,reappropriation,301,executive,DEPARTMENT OF ENVIRONMENTAL CONSERVATION|24868|2004|30000000|ENVIRONMENTAL RESTORATION PROJECTS ACCOUNT - 31504
extra_in_reconstruction,DEPARTMENT OF ENVIRONMENTAL CONSERVATION,24868,1999,60000000,918000,Environmental Restoration Projects Account - 31504,reappropriation,301,executive,DEPARTMENT OF ENVIRONMENTAL CONSERVATION|24868|1999|60000000|ENVIRONMENTAL RESTORATION PROJECTS ACCOUNT - 31504
extra_in_reconstruction,DEPARTMENT OF ENVIRONMENTAL CONSERVATION,24868,1998,30000000,164000,Environmental Restoration Projects Account - 31504,reappropriation,301,executive,DEPARTMENT OF ENVIRONMENTAL CONSERVATION|24868|1998|30000000|ENVIRONMENTAL RESTORATION PROJECTS ACCOUNT - 31504
extra_in_reconstruction,DEPARTMENT OF ENVIRONMENTAL CONSERVATION,25738,2019,3100000,402000,Hazardous Waste Cleanup Account - 31506,reappropriation,302,executive,DEPARTMENT OF ENVIRONMENTAL CONSERVATION|25738|2019|3100000|HAZARDOUS WASTE CLEANUP ACCOUNT - 31506
extra_in_reconstruction,DEPARTMENT OF ENVIRONMENTAL CONSERVATION,24863,2024,100000000,65062000,Hazardous Waste Cleanup Account - 31506,reappropriation,302,executive,DEPARTMENT OF ENVIRONMENTAL CONSERVATION|24863|2024|100000000|HAZARDOUS WASTE CLEANUP ACCOUNT - 31506
extra_in_reconstruction,DEPARTMENT OF ENVIRONMENTAL CONSERVATION,24863,2023,100000000,38969000,Hazardous Waste Cleanup Account - 31506,reappropriation,303,executive,DEPARTMENT OF ENVIRONMENTAL CONSERVATION|24863|2023|100000000|HAZARDOUS WASTE CLEANUP ACCOUNT - 31506
extra_in_reconstruction,DEPARTMENT OF ENVIRONMENTAL CONSERVATION,24863,2022,100000000,37366000,Hazardous Waste Cleanup Account - 31506,reappropriation,303,executive,DEPARTMENT OF ENVIRONMENTAL CONSERVATION|24863|2022|100000000|HAZARDOUS WASTE CLEANUP ACCOUNT - 31506
extra_in_reconstruction,DEPARTMENT OF ENVIRONMENTAL CONSERVATION,24863,2021,100000000,27838000,Hazardous Waste Cleanup Account - 31506,reappropriation,303,executive,DEPARTMENT OF ENVIRONMENTAL CONSERVATION|24863|2021|100000000|HAZARDOUS WASTE CLEANUP ACCOUNT - 31506
extra_in_reconstruction,DEPARTMENT OF ENVIRONMENTAL CONSERVATION,24863,2020,100000000,4089000,Hazardous Waste Cleanup Account - 31506,reappropriation,303,executive,DEPARTMENT OF ENVIRONMENTAL CONSERVATION|24863|2020|100000000|HAZARDOUS WASTE CLEANUP ACCOUNT - 31506
extra_in_reconstruction,DEPARTMENT OF ENVIRONMENTAL CONSERVATION,24863,2019,100000000,7149000,Hazardous Waste Cleanup Account - 31506,reappropriation,304,executive,DEPARTMENT OF ENVIRONMENTAL CONSERVATION|24863|2019|100000000|HAZARDOUS WASTE CLEANUP ACCOUNT - 31506
extra_in_reconstruction,DEPARTMENT OF ENVIRONMENTAL CONSERVATION,24863,2018,100000000,8385000,Hazardous Waste Cleanup Account - 31506,reappropriation,304,executive,DEPARTMENT OF ENVIRONMENTAL CONSERVATION|24863|2018|100000000|HAZARDOUS WASTE CLEANUP ACCOUNT - 31506
extra_in_reconstruction,DEPARTMENT OF ENVIRONMENTAL CONSERVATION,24863,2017,100000000,7577000,Hazardous Waste Cleanup Account - 31506,reappropriation,304,executive,DEPARTMENT OF ENVIRONMENTAL CONSERVATION|24863|2017|100000000|HAZARDOUS WASTE CLEANUP ACCOUNT - 31506
extra_in_reconstruction,DEPARTMENT OF ENVIRONMENTAL CONSERVATION,24863,2016,100000000,878000,Hazardous Waste Cleanup Account - 31506,reappropriation,305,executive,DEPARTMENT OF ENVIRONMENTAL CONSERVATION|24863|2016|100000000|HAZARDOUS WASTE CLEANUP ACCOUNT - 31506
extra_in_reconstruction,DEPARTMENT OF ENVIRONMENTAL CONSERVATION,24863,2015,100000000,1090000,Hazardous Waste Cleanup Account - 31506,reappropriation,305,executive,DEPARTMENT OF ENVIRONMENTAL CONSERVATION|24863|2015|100000000|HAZARDOUS WASTE CLEANUP ACCOUNT - 31506
extra_in_reconstruction,DEPARTMENT OF ENVIRONMENTAL CONSERVATION,24863,2012,120000000,2806000,Hazardous Waste Cleanup Account - 31506,reappropriation,305,executive,DEPARTMENT OF ENVIRONMENTAL CONSERVATION|24863|2012|120000000|HAZARDOUS WASTE CLEANUP ACCOUNT - 31506
extra_in_reconstruction,DEPARTMENT OF ENVIRONMENTAL CONSERVATION,24863,2011,120000000,39000,Hazardous Waste Cleanup Account - 31506,reappropriation,305,executive,DEPARTMENT OF ENVIRONMENTAL CONSERVATION|24863|2011|120000000|HAZARDOUS WASTE CLEANUP ACCOUNT - 31506
extra_in_reconstruction,DEPARTMENT OF ENVIRONMENTAL CONSERVATION,24863,2010,120000000,74000,Hazardous Waste Cleanup Account - 31506,reappropriation,305,executive,DEPARTMENT OF ENVIRONMENTAL CONSERVATION|24863|2010|120000000|HAZARDOUS WASTE CLEANUP ACCOUNT - 31506
extra_in_reconstruction,DEPARTMENT OF ENVIRONMENTAL CONSERVATION,24863,2006,120000000,503000,Hazardous Waste Cleanup Account - 31506,reappropriation,306,executive,DEPARTMENT OF ENVIRONMENTAL CONSERVATION|24863|2006|120000000|HAZARDOUS WASTE CLEANUP ACCOUNT - 31506
extra_in_reconstruction,DEPARTMENT OF ENVIRONMENTAL CONSERVATION,24863,2005,120000000,265000,Hazardous Waste Cleanup Account - 31506,reappropriation,306,executive,DEPARTMENT OF ENVIRONMENTAL CONSERVATION|24863|2005|120000000|HAZARDOUS WASTE CLEANUP ACCOUNT - 31506
extra_in_reconstruction,DEPARTMENT OF ENVIRONMENTAL CONSERVATION,24863,2004,120222000,400000,Hazardous Waste Cleanup Account - 31506,reappropriation,306,executive,DEPARTMENT OF ENVIRONMENTAL CONSERVATION|24863|2004|120222000|HAZARDOUS WASTE CLEANUP ACCOUNT - 31506
extra_in_reconstruction,DEPARTMENT OF ENVIRONMENTAL CONSERVATION,24863,2003,120000000,320000,Hazardous Waste Remediation Oversight and Assistance Account - 31505,reappropriation,307,executive,DEPARTMENT OF ENVIRONMENTAL CONSERVATION|24863|2003|120000000|HAZARDOUS WASTE REMEDIATION OVERSIGHT AND ASSISTANCE ACCOUNT - 31505
extra_in_reconstruction,DEPARTMENT OF ENVIRONMENTAL CONSERVATION,24867,2024,10000000,3385000,Hazardous Waste Remediation Oversight and Assistance Account - 31505,reappropriation,308,executive,DEPARTMENT OF ENVIRONMENTAL CONSERVATION|24867|2024|10000000|HAZARDOUS WASTE REMEDIATION OVERSIGHT AND ASSISTANCE ACCOUNT - 31505
extra_in_reconstruction,DEPARTMENT OF ENVIRONMENTAL CONSERVATION,24867,2023,10000000,3587000,Hazardous Waste Remediation Oversight and Assistance Account - 31505,reappropriation,308,executive,DEPARTMENT OF ENVIRONMENTAL CONSERVATION|24867|2023|10000000|HAZARDOUS WASTE REMEDIATION OVERSIGHT AND ASSISTANCE ACCOUNT - 31505
extra_in_reconstruction,DEPARTMENT OF ENVIRONMENTAL CONSERVATION,24867,2022,10000000,4500000,Hazardous Waste Remediation Oversight and Assistance Account - 31505,reappropriation,308,executive,DEPARTMENT OF ENVIRONMENTAL CONSERVATION|24867|2022|10000000|HAZARDOUS WASTE REMEDIATION OVERSIGHT AND ASSISTANCE ACCOUNT - 31505
extra_in_reconstruction,DEPARTMENT OF ENVIRONMENTAL CONSERVATION,24867,2021,6000000,1236000,Hazardous Waste Remediation Oversight and Assistance Account - 31505,reappropriation,308,executive,DEPARTMENT OF ENVIRONMENTAL CONSERVATION|24867|2021|6000000|HAZARDOUS WASTE REMEDIATION OVERSIGHT AND ASSISTANCE ACCOUNT - 31505
extra_in_reconstruction,DEPARTMENT OF ENVIRONMENTAL CONSERVATION,24867,2020,6000000,937000,Hazardous Waste Remediation Oversight and Assistance Account - 31505,reappropriation,308,executive,DEPARTMENT OF ENVIRONMENTAL CONSERVATION|24867|2020|6000000|HAZARDOUS WASTE REMEDIATION OVERSIGHT AND ASSISTANCE ACCOUNT - 31505
extra_in_reconstruction,DEPARTMENT OF ENVIRONMENTAL CONSERVATION,24867,2019,6000000,1033000,Hazardous Waste Remediation Oversight and Assistance Account - 31505,reappropriation,308,executive,DEPARTMENT OF ENVIRONMENTAL CONSERVATION|24867|2019|6000000|HAZARDOUS WASTE REMEDIATION OVERSIGHT AND ASSISTANCE ACCOUNT - 31505
extra_in_reconstruction,DEPARTMENT OF ENVIRONMENTAL CONSERVATION,24867,2018,6000000,1004000,Hazardous Waste Remediation Oversight and Assistance Account - 31505,reappropriation,308,executive,DEPARTMENT OF ENVIRONMENTAL CONSERVATION|24867|2018|6000000|HAZARDOUS WASTE REMEDIATION OVERSIGHT AND ASSISTANCE ACCOUNT - 31505
extra_in_reconstruction,DEPARTMENT OF ENVIRONMENTAL CONSERVATION,24867,2017,6000000,928000,Hazardous Waste Remediation Oversight and Assistance Account - 31505,reappropriation,309,executive,DEPARTMENT OF ENVIRONMENTAL CONSERVATION|24867|2017|6000000|HAZARDOUS WASTE REMEDIATION OVERSIGHT AND ASSISTANCE ACCOUNT - 31505
extra_in_reconstruction,DEPARTMENT OF ENVIRONMENTAL CONSERVATION,24867,2016,6000000,562000,Hazardous Waste Remediation Oversight and Assistance Account - 31505,reappropriation,309,executive,DEPARTMENT OF ENVIRONMENTAL CONSERVATION|24867|2016|6000000|HAZARDOUS WASTE REMEDIATION OVERSIGHT AND ASSISTANCE ACCOUNT - 31505
extra_in_reconstruction,DEPARTMENT OF ENVIRONMENTAL CONSERVATION,24867,2015,6000000,630000,Hazardous Waste Remediation Oversight and Assistance Account - 31505,reappropriation,309,executive,DEPARTMENT OF ENVIRONMENTAL CONSERVATION|24867|2015|6000000|HAZARDOUS WASTE REMEDIATION OVERSIGHT AND ASSISTANCE ACCOUNT - 31505
extra_in_reconstruction,DEPARTMENT OF ENVIRONMENTAL CONSERVATION,24867,2014,6000000,439000,Hazardous Waste Remediation Oversight and Assistance Account - 31505,reappropriation,309,executive,DEPARTMENT OF ENVIRONMENTAL CONSERVATION|24867|2014|6000000|HAZARDOUS WASTE REMEDIATION OVERSIGHT AND ASSISTANCE ACCOUNT - 31505
extra_in_reconstruction,DEPARTMENT OF ENVIRONMENTAL CONSERVATION,24867,2013,6000000,629000,Hazardous Waste Remediation Oversight and Assistance Account - 31505,reappropriation,309,executive,DEPARTMENT OF ENVIRONMENTAL CONSERVATION|24867|2013|6000000|HAZARDOUS WASTE REMEDIATION OVERSIGHT AND ASSISTANCE ACCOUNT - 31505
extra_in_reconstruction,DEPARTMENT OF ENVIRONMENTAL CONSERVATION,24867,2012,10000000,4405000,Hazardous Waste Remediation Oversight and Assistance Account - 31505,reappropriation,309,executive,DEPARTMENT OF ENVIRONMENTAL CONSERVATION|24867|2012|10000000|HAZARDOUS WASTE REMEDIATION OVERSIGHT AND ASSISTANCE ACCOUNT - 31505
extra_in_reconstruction,DEPARTMENT OF ENVIRONMENTAL CONSERVATION,24867,2011,10000000,5564000,Hazardous Waste Remediation Oversight and Assistance Account - 31505,reappropriation,309,executive,DEPARTMENT OF ENVIRONMENTAL CONSERVATION|24867|2011|10000000|HAZARDOUS WASTE REMEDIATION OVERSIGHT AND ASSISTANCE ACCOUNT - 31505
extra_in_reconstruction,DEPARTMENT OF ENVIRONMENTAL CONSERVATION,24866,2010,2250000,1609000,Hazardous Waste Remediation Oversight and Assistance Account - 31505,reappropriation,310,executive,DEPARTMENT OF ENVIRONMENTAL CONSERVATION|24866|2010|2250000|HAZARDOUS WASTE REMEDIATION OVERSIGHT AND ASSISTANCE ACCOUNT - 31505
extra_in_reconstruction,DEPARTMENT OF ENVIRONMENTAL CONSERVATION,24867,2010,10000000,5414000,Hazardous Waste Remediation Oversight and Assistance Account - 31505,reappropriation,310,executive,DEPARTMENT OF ENVIRONMENTAL CONSERVATION|24867|2010|10000000|HAZARDOUS WASTE REMEDIATION OVERSIGHT AND ASSISTANCE ACCOUNT - 31505
extra_in_reconstruction,DEPARTMENT OF ENVIRONMENTAL CONSERVATION,24866,2009,2250000,2250000,Hazardous Waste Remediation Oversight and Assistance Account - 31505,reappropriation,310,executive,DEPARTMENT OF ENVIRONMENTAL CONSERVATION|24866|2009|2250000|HAZARDOUS WASTE REMEDIATION OVERSIGHT AND ASSISTANCE ACCOUNT - 31505
extra_in_reconstruction,DEPARTMENT OF ENVIRONMENTAL CONSERVATION,24867,2009,10000000,3462000,Hazardous Waste Remediation Oversight and Assistance Account - 31505,reappropriation,310,executive,DEPARTMENT OF ENVIRONMENTAL CONSERVATION|24867|2009|10000000|HAZARDOUS WASTE REMEDIATION OVERSIGHT AND ASSISTANCE ACCOUNT - 31505
extra_in_reconstruction,DEPARTMENT OF ENVIRONMENTAL CONSERVATION,24866,2008,2250000,2250000,Hazardous Waste Remediation Oversight and Assistance Account - 31505,reappropriation,310,executive,DEPARTMENT OF ENVIRONMENTAL CONSERVATION|24866|2008|2250000|HAZARDOUS WASTE REMEDIATION OVERSIGHT AND ASSISTANCE ACCOUNT - 31505
extra_in_reconstruction,DEPARTMENT OF ENVIRONMENTAL CONSERVATION,24867,2008,10275000,2022000,Hazardous Waste Remediation Oversight and Assistance Account - 31505,reappropriation,310,executive,DEPARTMENT OF ENVIRONMENTAL CONSERVATION|24867|2008|10275000|HAZARDOUS WASTE REMEDIATION OVERSIGHT AND ASSISTANCE ACCOUNT - 31505
extra_in_reconstruction,DEPARTMENT OF ENVIRONMENTAL CONSERVATION,24866,2007,2250000,386000,Hazardous Waste Remediation Oversight and Assistance Account - 31505,reappropriation,310,executive,DEPARTMENT OF ENVIRONMENTAL CONSERVATION|24866|2007|2250000|HAZARDOUS WASTE REMEDIATION OVERSIGHT AND ASSISTANCE ACCOUNT - 31505
extra_in_reconstruction,DEPARTMENT OF ENVIRONMENTAL CONSERVATION,24867,2007,9375000,3417000,Hazardous Waste Remediation Oversight and Assistance Account - 31505,reappropriation,310,executive,DEPARTMENT OF ENVIRONMENTAL CONSERVATION|24867|2007|9375000|HAZARDOUS WASTE REMEDIATION OVERSIGHT AND ASSISTANCE ACCOUNT - 31505
extra_in_reconstruction,DEPARTMENT OF ENVIRONMENTAL CONSERVATION,81096,2006,15000000,15000000,Hazardous Waste Remediation Oversight and Assistance Account - 31505,reappropriation,311,executive,DEPARTMENT OF ENVIRONMENTAL CONSERVATION|81096|2006|15000000|HAZARDOUS WASTE REMEDIATION OVERSIGHT AND ASSISTANCE ACCOUNT - 31505
extra_in_reconstruction,DEPARTMENT OF ENVIRONMENTAL CONSERVATION,24867,2006,7375000,702000,Hazardous Waste Remediation Oversight and Assistance Account - 31505,reappropriation,311,executive,DEPARTMENT OF ENVIRONMENTAL CONSERVATION|24867|2006|7375000|HAZARDOUS WASTE REMEDIATION OVERSIGHT AND ASSISTANCE ACCOUNT - 31505
extra_in_reconstruction,DEPARTMENT OF ENVIRONMENTAL CONSERVATION,81096,2005,15000000,15000000,Hazardous Waste Remediation Oversight and Assistance Account - 31505,reappropriation,311,executive,DEPARTMENT OF ENVIRONMENTAL CONSERVATION|81096|2005|15000000|HAZARDOUS WASTE REMEDIATION OVERSIGHT AND ASSISTANCE ACCOUNT - 31505
extra_in_reconstruction,DEPARTMENT OF ENVIRONMENTAL CONSERVATION,24867,2005,14217000,1762000,Hazardous Waste Remediation Oversight and Assistance Account - 31505,reappropriation,311,executive,DEPARTMENT OF ENVIRONMENTAL CONSERVATION|24867|2005|14217000|HAZARDOUS WASTE REMEDIATION OVERSIGHT AND ASSISTANCE ACCOUNT - 31505
extra_in_reconstruction,DEPARTMENT OF ENVIRONMENTAL CONSERVATION,81096,2004,15000000,6340000,Hazardous Waste Remediation Oversight and Assistance Account - 31505,reappropriation,311,executive,DEPARTMENT OF ENVIRONMENTAL CONSERVATION|81096|2004|15000000|HAZARDOUS WASTE REMEDIATION OVERSIGHT AND ASSISTANCE ACCOUNT - 31505
extra_in_reconstruction,DEPARTMENT OF ENVIRONMENTAL CONSERVATION,81096,2003,15000000,8371000,Hazardous Waste Remediation Oversight and Assistance Account - 31505,reappropriation,312,executive,DEPARTMENT OF ENVIRONMENTAL CONSERVATION|81096|2003|15000000|HAZARDOUS WASTE REMEDIATION OVERSIGHT AND ASSISTANCE ACCOUNT - 31505
extra_in_reconstruction,DEPARTMENT OF ENVIRONMENTAL CONSERVATION,25709,2016,2000000,2000000,Hazardous Waste Remediation Oversight and Assistance Account - 31505,reappropriation,312,executive,DEPARTMENT OF ENVIRONMENTAL CONSERVATION|25709|2016|2000000|HAZARDOUS WASTE REMEDIATION OVERSIGHT AND ASSISTANCE ACCOUNT - 31505
extra_in_reconstruction,DEPARTMENT OF ENVIRONMENTAL CONSERVATION,24870,1999,37625000,579000,Hazardous Waste Remediation Oversight and Assistance Account - 31505,reappropriation,312,executive,DEPARTMENT OF ENVIRONMENTAL CONSERVATION|24870|1999|37625000|HAZARDOUS WASTE REMEDIATION OVERSIGHT AND ASSISTANCE ACCOUNT - 31505
extra_in_reconstruction,DEPARTMENT OF ENVIRONMENTAL CONSERVATION,24870,1997,30000000,501000,Hazardous Waste Remediation Oversight and Assistance Account - 31505,reappropriation,312,executive,DEPARTMENT OF ENVIRONMENTAL CONSERVATION|24870|1997|30000000|HAZARDOUS WASTE REMEDIATION OVERSIGHT AND ASSISTANCE ACCOUNT - 31505
extra_in_reconstruction,DEPARTMENT OF ENVIRONMENTAL CONSERVATION,24870,1996,32800000,228000,Hazardous Waste Remediation Oversight and Assistance Account - 31505,reappropriation,312,executive,DEPARTMENT OF ENVIRONMENTAL CONSERVATION|24870|1996|32800000|HAZARDOUS WASTE REMEDIATION OVERSIGHT AND ASSISTANCE ACCOUNT - 31505
extra_in_reconstruction,DEPARTMENT OF ENVIRONMENTAL CONSERVATION,24870,1995,66000000,1065000,Hazardous Waste Remediation Oversight and Assistance Account - 31505,reappropriation,312,executive,DEPARTMENT OF ENVIRONMENTAL CONSERVATION|24870|1995|66000000|HAZARDOUS WASTE REMEDIATION OVERSIGHT AND ASSISTANCE ACCOUNT - 31505
extra_in_reconstruction,DEPARTMENT OF ENVIRONMENTAL CONSERVATION,24870,1994,150000000,11785000,Hazardous Waste Remediation Oversight and Assistance Account - 31505,reappropriation,313,executive,DEPARTMENT OF ENVIRONMENTAL CONSERVATION|24870|1994|150000000|HAZARDOUS WASTE REMEDIATION OVERSIGHT AND ASSISTANCE ACCOUNT - 31505
extra_in_reconstruction,DEPARTMENT OF ENVIRONMENTAL CONSERVATION,24870,1993,140000000,1182000,Hazardous Waste Remediation Oversight and Assistance Account - 31505,reappropriation,313,executive,DEPARTMENT OF ENVIRONMENTAL CONSERVATION|24870|1993|140000000|HAZARDOUS WASTE REMEDIATION OVERSIGHT AND ASSISTANCE ACCOUNT - 31505
extra_in_reconstruction,DEPARTMENT OF ENVIRONMENTAL CONSERVATION,24870,1992,204000000,1256000,Hazardous Waste Remediation Oversight and Assistance Account - 31505,reappropriation,313,executive,DEPARTMENT OF ENVIRONMENTAL CONSERVATION|24870|1992|204000000|HAZARDOUS WASTE REMEDIATION OVERSIGHT AND ASSISTANCE ACCOUNT - 31505
extra_in_reconstruction,DEPARTMENT OF ENVIRONMENTAL CONSERVATION,24870,1991,110000000,601000,Hazardous Waste Remediation Oversight and Assistance Account - 31505,reappropriation,313,executive,DEPARTMENT OF ENVIRONMENTAL CONSERVATION|24870|1991|110000000|HAZARDOUS WASTE REMEDIATION OVERSIGHT AND ASSISTANCE ACCOUNT - 31505
extra_in_reconstruction,DEPARTMENT OF ENVIRONMENTAL CONSERVATION,24870,1990,173575000,375000,Hazardous Waste Remediation Oversight and Assistance Account - 31505,reappropriation,313,executive,DEPARTMENT OF ENVIRONMENTAL CONSERVATION|24870|1990|173575000|HAZARDOUS WASTE REMEDIATION OVERSIGHT AND ASSISTANCE ACCOUNT - 31505
extra_in_reconstruction,DEPARTMENT OF ENVIRONMENTAL CONSERVATION,24870,1989,26000000,1198000,Hazardous Waste Remediation Oversight and Assistance Account - 31505,reappropriation,313,executive,DEPARTMENT OF ENVIRONMENTAL CONSERVATION|24870|1989|26000000|HAZARDOUS WASTE REMEDIATION OVERSIGHT AND ASSISTANCE ACCOUNT - 31505
extra_in_reconstruction,DEPARTMENT OF ENVIRONMENTAL CONSERVATION,24870,1987,100000000,1231000,Hazardous Waste Remediation Oversight and Assistance Account - 31505,reappropriation,313,executive,DEPARTMENT OF ENVIRONMENTAL CONSERVATION|24870|1987|100000000|HAZARDOUS WASTE REMEDIATION OVERSIGHT AND ASSISTANCE ACCOUNT - 31505
extra_in_reconstruction,DEPARTMENT OF ENVIRONMENTAL CONSERVATION,25730,2024,3000000,3000000,Hazardous Waste Remediation Oversight and Assistance Account - 31505,reappropriation,314,executive,DEPARTMENT OF ENVIRONMENTAL CONSERVATION|25730|2024|3000000|HAZARDOUS WASTE REMEDIATION OVERSIGHT AND ASSISTANCE ACCOUNT - 31505
extra_in_reconstruction,DEPARTMENT OF ENVIRONMENTAL CONSERVATION,24872,2024,500000,500000,Hazardous Waste Remediation Oversight and Assistance Account - 31505,reappropriation,314,executive,DEPARTMENT OF ENVIRONMENTAL CONSERVATION|24872|2024|500000|HAZARDOUS WASTE REMEDIATION OVERSIGHT AND ASSISTANCE ACCOUNT - 31505
extra_in_reconstruction,DEPARTMENT OF ENVIRONMENTAL CONSERVATION,25730,2023,4000000,3801000,Hazardous Waste Remediation Oversight and Assistance Account - 31505,reappropriation,314,executive,DEPARTMENT OF ENVIRONMENTAL CONSERVATION|25730|2023|4000000|HAZARDOUS WASTE REMEDIATION OVERSIGHT AND ASSISTANCE ACCOUNT - 31505
extra_in_reconstruction,DEPARTMENT OF ENVIRONMENTAL CONSERVATION,25730,2022,4000000,4000000,Hazardous Waste Remediation Oversight and Assistance Account - 31505,reappropriation,314,executive,DEPARTMENT OF ENVIRONMENTAL CONSERVATION|25730|2022|4000000|HAZARDOUS WASTE REMEDIATION OVERSIGHT AND ASSISTANCE ACCOUNT - 31505
extra_in_reconstruction,DEPARTMENT OF ENVIRONMENTAL CONSERVATION,25730,2021,4000000,4000000,Hazardous Waste Remediation Oversight and Assistance Account - 31505,reappropriation,314,executive,DEPARTMENT OF ENVIRONMENTAL CONSERVATION|25730|2021|4000000|HAZARDOUS WASTE REMEDIATION OVERSIGHT AND ASSISTANCE ACCOUNT - 31505
extra_in_reconstruction,DEPARTMENT OF ENVIRONMENTAL CONSERVATION,25730,2020,4000000,3328000,Hazardous Waste Remediation Oversight and Assistance Account - 31505,reappropriation,314,executive,DEPARTMENT OF ENVIRONMENTAL CONSERVATION|25730|2020|4000000|HAZARDOUS WASTE REMEDIATION OVERSIGHT AND ASSISTANCE ACCOUNT - 31505
extra_in_reconstruction,DEPARTMENT OF ENVIRONMENTAL CONSERVATION,25730,2019,4000000,3190000,Hazardous Waste Remediation Oversight and Assistance Account - 31505,reappropriation,314,executive,DEPARTMENT OF ENVIRONMENTAL CONSERVATION|25730|2019|4000000|HAZARDOUS WASTE REMEDIATION OVERSIGHT AND ASSISTANCE ACCOUNT - 31505
extra_in_reconstruction,DEPARTMENT OF ENVIRONMENTAL CONSERVATION,24872,2018,500000,413000,Hazardous Waste Remediation Oversight and Assistance Account - 31505,reappropriation,314,executive,DEPARTMENT OF ENVIRONMENTAL CONSERVATION|24872|2018|500000|HAZARDOUS WASTE REMEDIATION OVERSIGHT AND ASSISTANCE ACCOUNT - 31505
extra_in_reconstruction,DEPARTMENT OF ENVIRONMENTAL CONSERVATION,24872,2017,500000,217000,Hazardous Waste Remediation Oversight and Assistance Account - 31505,reappropriation,314,executive,DEPARTMENT OF ENVIRONMENTAL CONSERVATION|24872|2017|500000|HAZARDOUS WASTE REMEDIATION OVERSIGHT AND ASSISTANCE ACCOUNT - 31505
extra_in_reconstruction,DEPARTMENT OF ENVIRONMENTAL CONSERVATION,24872,2016,500000,3000,ENCON Federal Capital Account - 31364,reappropriation,315,executive,DEPARTMENT OF ENVIRONMENTAL CONSERVATION|24872|2016|500000|ENCON FEDERAL CAPITAL ACCOUNT - 31364
extra_in_reconstruction,DEPARTMENT OF ENVIRONMENTAL CONSERVATION,24871,2009,50000,7000,ENCON Federal Capital Account - 31364,reappropriation,315,executive,DEPARTMENT OF ENVIRONMENTAL CONSERVATION|24871|2009|50000|ENCON FEDERAL CAPITAL ACCOUNT - 31364
extra_in_reconstruction,DEPARTMENT OF ENVIRONMENTAL CONSERVATION,24871,2008,50000,2000,ENCON Federal Capital Account - 31364,reappropriation,315,executive,DEPARTMENT OF ENVIRONMENTAL CONSERVATION|24871|2008|50000|ENCON FEDERAL CAPITAL ACCOUNT - 31364
extra_in_reconstruction,DEPARTMENT OF ENVIRONMENTAL CONSERVATION,24871,2007,350000,38000,ENCON Federal Capital Account - 31364,reappropriation,315,executive,DEPARTMENT OF ENVIRONMENTAL CONSERVATION|24871|2007|350000|ENCON FEDERAL CAPITAL ACCOUNT - 31364
extra_in_reconstruction,DEPARTMENT OF ENVIRONMENTAL CONSERVATION,25720,2024,21200000,18099000,ENCON Federal Capital Account - 31364,reappropriation,315,executive,DEPARTMENT OF ENVIRONMENTAL CONSERVATION|25720|2024|21200000|ENCON FEDERAL CAPITAL ACCOUNT - 31364
extra_in_reconstruction,DEPARTMENT OF ENVIRONMENTAL CONSERVATION,25720,2023,21200000,6297000,ENCON Federal Capital Account - 31364,reappropriation,315,executive,DEPARTMENT OF ENVIRONMENTAL CONSERVATION|25720|2023|21200000|ENCON FEDERAL CAPITAL ACCOUNT - 31364
extra_in_reconstruction,DEPARTMENT OF ENVIRONMENTAL CONSERVATION,24873,2024,1000000,1000000,ENCON Federal Capital Account - 31364,reappropriation,316,executive,DEPARTMENT OF ENVIRONMENTAL CONSERVATION|24873|2024|1000000|ENCON FEDERAL CAPITAL ACCOUNT - 31364
extra_in_reconstruction,DEPARTMENT OF ENVIRONMENTAL CONSERVATION,24873,2023,1000000,1000000,ENCON Federal Capital Account - 31364,reappropriation,316,executive,DEPARTMENT OF ENVIRONMENTAL CONSERVATION|24873|2023|1000000|ENCON FEDERAL CAPITAL ACCOUNT - 31364
extra_in_reconstruction,DEPARTMENT OF ENVIRONMENTAL CONSERVATION,24873,2018,30000000,22825000,ENCON Federal Capital Account - 31364,reappropriation,316,executive,DEPARTMENT OF ENVIRONMENTAL CONSERVATION|24873|2018|30000000|ENCON FEDERAL CAPITAL ACCOUNT - 31364
extra_in_reconstruction,DEPARTMENT OF ENVIRONMENTAL CONSERVATION,24873,2016,30000000,26705000,ENCON Federal Capital Account - 31364,reappropriation,316,executive,DEPARTMENT OF ENVIRONMENTAL CONSERVATION|24873|2016|30000000|ENCON FEDERAL CAPITAL ACCOUNT - 31364
extra_in_reconstruction,DEPARTMENT OF ENVIRONMENTAL CONSERVATION,62036,2024,1000000,1000000,ENCON Federal Capital Account - 31364,reappropriation,316,executive,DEPARTMENT OF ENVIRONMENTAL CONSERVATION|62036|2024|1000000|ENCON FEDERAL CAPITAL ACCOUNT - 31364
extra_in_reconstruction,DEPARTMENT OF ENVIRONMENTAL CONSERVATION,62036,2023,3000000,3000000,ENCON Federal Capital Account - 31364,reappropriation,316,executive,DEPARTMENT OF ENVIRONMENTAL CONSERVATION|62036|2023|3000000|ENCON FEDERAL CAPITAL ACCOUNT - 31364
extra_in_reconstruction,DEPARTMENT OF ENVIRONMENTAL CONSERVATION,24880,2024,1700000,1700000,ENCON Federal Capital Account - 31364,reappropriation,317,executive,DEPARTMENT OF ENVIRONMENTAL CONSERVATION|24880|2024|1700000|ENCON FEDERAL CAPITAL ACCOUNT - 31364
extra_in_reconstruction,DEPARTMENT OF ENVIRONMENTAL CONSERVATION,24881,2024,11000000,7944000,ENCON Federal Capital Account - 31364,reappropriation,317,executive,DEPARTMENT OF ENVIRONMENTAL CONSERVATION|24881|2024|11000000|ENCON FEDERAL CAPITAL ACCOUNT - 31364
extra_in_reconstruction,DEPARTMENT OF ENVIRONMENTAL CONSERVATION,24887,2024,5000000,5000000,ENCON Federal Capital Account - 31364,reappropriation,317,executive,DEPARTMENT OF ENVIRONMENTAL CONSERVATION|24887|2024|5000000|ENCON FEDERAL CAPITAL ACCOUNT - 31364
extra_in_reconstruction,DIVISION OF HOUSING AND COMMUNITY RENEWAL,31414,2024,125132000,10100000,Federal Capital Projects Account - 31350,reappropriation,437,executive,DIVISION OF HOUSING AND COMMUNITY RENEWAL|31414|2024|125132000|FEDERAL CAPITAL PROJECTS ACCOUNT - 31350
extra_in_reconstruction,DEPARTMENT OF STATE,51275,2017,98562566,42717000,Infrastructure Investment Account - 33050,reappropriation,594,executive,DEPARTMENT OF STATE|51275|2017|98562566|INFRASTRUCTURE INVESTMENT ACCOUNT - 33050
extra_in_reconstruction,NEW YORK STATE URBAN DEVELOPMENT CORPORATION,58021,2023,130000000,130000000,Transportation Infrastructure Renewal Bond Fund Account - 30660,reappropriation,992,executive,NEW YORK STATE URBAN DEVELOPMENT CORPORATION|58021|2023|130000000|TRANSPORTATION INFRASTRUCTURE RENEWAL BOND FUND ACCOUNT - 30660
extra_in_reconstruction,NEW YORK STATE URBAN DEVELOPMENT CORPORATION,58023,2023,19000000,19000000,Transportation Infrastructure Renewal Bond Fund Account - 30660,reappropriation,992,executive,NEW YORK STATE URBAN DEVELOPMENT CORPORATION|58023|2023|19000000|TRANSPORTATION INFRASTRUCTURE RENEWAL BOND FUND ACCOUNT - 30660
extra_in_reconstruction,NEW YORK STATE URBAN DEVELOPMENT CORPORATION,58024,2023,7500000,7500000,Transportation Infrastructure Renewal Bond Fund Account - 30660,reappropriation,992,executive,NEW YORK STATE URBAN DEVELOPMENT CORPORATION|58024|2023|7500000|TRANSPORTATION INFRASTRUCTURE RENEWAL BOND FUND ACCOUNT - 30660
extra_in_reconstruction,NEW YORK STATE URBAN DEVELOPMENT CORPORATION,58025,2023,7500000,7500000,Transportation Infrastructure Renewal Bond Fund Account - 30660,reappropriation,992,executive,NEW YORK STATE URBAN DEVELOPMENT CORPORATION|58025|2023|7500000|TRANSPORTATION INFRASTRUCTURE RENEWAL BOND FUND ACCOUNT - 30660
extra_in_reconstruction,NEW YORK STATE URBAN DEVELOPMENT CORPORATION,58027,2023,30000000,29553000,Transportation Infrastructure Renewal Bond Fund Account - 30660,reappropriation,992,executive,NEW YORK STATE URBAN DEVELOPMENT CORPORATION|58027|2023|30000000|TRANSPORTATION INFRASTRUCTURE RENEWAL BOND FUND ACCOUNT - 30660
extra_in_reconstruction,NEW YORK STATE URBAN DEVELOPMENT CORPORATION,47349,2006,603050000,53249000,Infrastructure Investment Account - 33050,reappropriation,1012,executive,NEW YORK STATE URBAN DEVELOPMENT CORPORATION|47349|2006|603050000|INFRASTRUCTURE INVESTMENT ACCOUNT - 33050
extra_in_reconstruction,MISCELLANEOUS -- ALL STATE DEPARTMENTS AND AGENCIES,80551,1997,423500000,1000000,WCB IT Business Process Design Account - 32218,reappropriation,1030,executive,MISCELLANEOUS -- ALL STATE DEPARTMENTS AND AGENCIES|80551|1997|423500000|WCB IT BUSINESS PROCESS DESIGN ACCOUNT - 32218
extra_in_reconstruction,MISCELLANEOUS -- ALL STATE DEPARTMENTS AND AGENCIES,80380,2004,345750000,1995000,WCB IT Business Process Design Account - 32218,reappropriation,1037,executive,MISCELLANEOUS -- ALL STATE DEPARTMENTS AND AGENCIES|80380|2004|345750000|WCB IT BUSINESS PROCESS DESIGN ACCOUNT - 32218
extra_in_reconstruction,MISCELLANEOUS -- ALL STATE DEPARTMENTS AND AGENCIES,80595,2005,249000000,36251000,WCB IT Business Process Design Account - 32218,reappropriation,1038,executive,MISCELLANEOUS -- ALL STATE DEPARTMENTS AND AGENCIES|80595|2005|249000000|WCB IT BUSINESS PROCESS DESIGN ACCOUNT - 32218
extra_in_reconstruction,MISCELLANEOUS -- ALL STATE DEPARTMENTS AND AGENCIES,85104,2022,185000000,164576000,IRA Elective Pay Federal Capital Account - 32233,reappropriation,1046,executive,MISCELLANEOUS -- ALL STATE DEPARTMENTS AND AGENCIES|85104|2022|185000000|IRA ELECTIVE PAY FEDERAL CAPITAL ACCOUNT - 32233
extra_in_reconstruction,MISCELLANEOUS -- ALL STATE DEPARTMENTS AND AGENCIES,80596,2005,94750000,3262000,IRA Elective Pay Federal Capital Account - 32233,reappropriation,1053,executive,MISCELLANEOUS -- ALL STATE DEPARTMENTS AND AGENCIES|80596|2005|94750000|IRA ELECTIVE PAY FEDERAL CAPITAL ACCOUNT - 32233
extra_in_reconstruction,MISCELLANEOUS -- ALL STATE DEPARTMENTS AND AGENCIES,80589,2000,215650000,11740000,Infrastructure Investment Account - 33050,reappropriation,1078,executive,MISCELLANEOUS -- ALL STATE DEPARTMENTS AND AGENCIES|80589|2000|215650000|INFRASTRUCTURE INVESTMENT ACCOUNT - 33050
