agency,budget_type,fund_type,account,appropriation_id,chapter_year,appropriation_amount,reappropriation_amount,bill_language,page_number,line_number,fiscal_year,source_file,composite_key
EDUCATION DEPARTMENT,AID TO LOCALITIES,General Fund,Local Assistance Account - 10000,23462,2024,750000,0,"22 For additional services and expenses of 23 independent living centers (23462) ............. 750,000",1,23,2024-25,Enacted 24-25 SED ATL.pdf,EDUCATION DEPARTMENT|23462|2024|750000
EDUCATION DEPARTMENT,AID TO LOCALITIES,Special Revenue Funds - Federal,Federal Department of Education Account - 25210,56145,2024,500000,0,"5 For additional competitive grants for adult 6 literacy/education aid (56145) ................. 500,000",2,6,2024-25,Enacted 24-25 SED ATL.pdf,EDUCATION DEPARTMENT|56145|2024|500000
EDUCATION DEPARTMENT,AID TO LOCALITIES,Special Revenue Funds - Federal,Federal Operating Grants Account - 25456,21847,2024,1725000,0,"10 For additional aid to public libraries 11 (21847) ...................................... 1,725,000",3,11,2024-25,Enacted 24-25 SED ATL.pdf,EDUCATION DEPARTMENT|21847|2024|1725000
EDUCATION DEPARTMENT,AID TO LOCALITIES,Special Revenue Funds - Other,Love Your Library Account - 22119,23373,2024,100000,0,"4 -------------- 5 Program account subtotal ................... 5,400,000 6 -------------- 7 Special Revenue Funds - Other 8 Miscellaneous Special Revenue Fund 9 Love Your Library Account - 22119 10 For services and expenses of the statewide 11 summer reading program pursuant to subdi- 12 vision 9 of section 273 of the education 13 law and section 99-l of the state finance 14 law, as added by chapter 303 of the laws 15 of 2004, pursuant to a plan developed by 16 the commissioner of education and approved 17 by the director of the budget (23373) .......... 100,000",4,17,2024-25,Enacted 24-25 SED ATL.pdf,EDUCATION DEPARTMENT|23373|2024|100000
EDUCATION DEPARTMENT,AID TO LOCALITIES,Special Revenue Funds - Other,Love Your Library Account - 22119,21830,2024,1107000,0,"5 For additional liberty partnerships program 6 awards (21830) ............................... 1,107,000",5,6,2024-25,Enacted 24-25 SED ATL.pdf,EDUCATION DEPARTMENT|21830|2024|1107000
EDUCATION DEPARTMENT,AID TO LOCALITIES,Special Revenue Funds - Other,Love Your Library Account - 22119,21831,2024,22344000,0,"7 Unrestricted aid to independent colleges and 8 universities, notwithstanding any other 9 provision of law to the contrary, aid 10 otherwise due and payable in the 2024-25 11 fiscal year shall be limited to the amount 12 appropriated herein; provided that no 13 college or university shall be eligible 14 for a payment in the 2024-25 academic year 15 from this appropriation if the college or 16 university has not submitted to the state 17 education department a plan to improve 18 faculty diversity, which shall include 19 measurable goals and a schedule of report- 20 ing on progress toward meeting such goals. 21 Provided further, notwithstanding any other 22 provision of law to the contrary, no 23 college or university shall be eligible 24 for a payment in the 2024-25 academic year 25 from this appropriation if the college or 26 university has total endowment assets in 27 excess of $750,000,000, based on the most 28 recent academic year data collected in the 29 Integrated Postsecondary Education Data 30 System, as required under Title IV of the 31 Higher Education Act of 1965, as amended, 32 and reported by the Department of 33 Education's National Center for Education 34 Statistics (21831) .......................... 22,344,000",5,34,2024-25,Enacted 24-25 SED ATL.pdf,EDUCATION DEPARTMENT|21831|2024|22344000
EDUCATION DEPARTMENT,AID TO LOCALITIES,Special Revenue Funds - Other,Love Your Library Account - 22119,21832,2024,2142000,0,"44 For additional higher education opportunity 45 program awards (21832) ....................... 2,142,000",5,45,2024-25,Enacted 24-25 SED ATL.pdf,EDUCATION DEPARTMENT|21832|2024|2142000
EDUCATION DEPARTMENT,AID TO LOCALITIES,Special Revenue Funds - Other,Love Your Library Account - 22119,21834,2024,954000,0,"48 For additional science and technology entry 49 program (STEP) awards (21834) .................. 954,000",5,49,2024-25,Enacted 24-25 SED ATL.pdf,EDUCATION DEPARTMENT|21834|2024|954000
EDUCATION DEPARTMENT,AID TO LOCALITIES,Special Revenue Funds - Other,Love Your Library Account - 22119,21835,2024,723000,0,"242 12653-10-4 EDUCATION DEPARTMENT AID TO LOCALITIES 2024-25 1 For additional collegiate science and tech- 2 nology entry program (CSTEP) awards; 3 notwithstanding any other law to the 4 contrary, such funds shall be used to 5 increase funding for existing CSTEP 6 programs (21835) ............................... 723,000",6,6,2024-25,Enacted 24-25 SED ATL.pdf,EDUCATION DEPARTMENT|21835|2024|723000
EDUCATION DEPARTMENT,AID TO LOCALITIES,Special Revenue Funds - Other,Love Your Library Account - 22119,55913,2024,362000,0,"42 For additional services and expenses of a 43 foster youth initiative (55913) ................ 362,000",6,43,2024-25,Enacted 24-25 SED ATL.pdf,EDUCATION DEPARTMENT|55913|2024|362000
EDUCATION DEPARTMENT,AID TO LOCALITIES,Special Revenue Funds - Federal,Federal Department of Education Account - 25210,23394,2024,2000000,0,"5 For additional support for enhancing 6 supports and services for students with 7 disabilities enrolled in New York State 8 degree granting colleges and universities 9 (23394) ...................................... 2,000,000",7,9,2024-25,Enacted 24-25 SED ATL.pdf,EDUCATION DEPARTMENT|23394|2024|2000000
EDUCATION DEPARTMENT,AID TO LOCALITIES,Special Revenue Funds - Federal,Federal Department of Education Account - 25210,23379,2024,350000,0,"10 For services and expenses of Latino U 11 College Access (LUCA)(23379) ................... 350,000",7,11,2024-25,Enacted 24-25 SED ATL.pdf,EDUCATION DEPARTMENT|23379|2024|350000
EDUCATION DEPARTMENT,AID TO LOCALITIES,Special Revenue Funds - Federal,Federal Department of Education Account - 25210,23380,2024,750000,0,"12 For services and expenses of the Associated 13 Medical Schools of New York for the Dental 14 Grants Program. Funds appropriated herein 15 shall be available for teaching students 16 to work with individuals with disabilities 17 (23380) ........................................ 750,000",7,17,2024-25,Enacted 24-25 SED ATL.pdf,EDUCATION DEPARTMENT|23380|2024|750000
EDUCATION DEPARTMENT,AID TO LOCALITIES,Special Revenue Funds - Federal,Federal Department of Education Account - 25210,23382,2024,200000,0,"18 For services and expenses of On Point for 19 College, Inc (23382) ........................... 200,000",7,19,2024-25,Enacted 24-25 SED ATL.pdf,EDUCATION DEPARTMENT|23382|2024|200000
EDUCATION DEPARTMENT,AID TO LOCALITIES,General Fund,Local Assistance Account - 10000,21744,2024,5214000,0,"244 12653-10-4 EDUCATION DEPARTMENT AID TO LOCALITIES 2024-25 1 For services and expenses related to the 2 administration of funds, including grants 3 to local recipients, paid to the education 4 department from private foundations, 5 corporations and individuals and from 6 public or private funds received as 7 payment in lieu of honorarium for services 8 rendered by employees which are related to 9 such employees' official duties or respon- 10 sibilities. 11 Provided further that, notwithstanding any 12 inconsistent provision of law, funds 13 appropriated herein may be transferred to 14 any other combined expendable trust fund, 15 subject to the approval of the director of 16 the budget, as needed to accomplish the 17 intent of this appropriation (21744) ......... 5,214,000",8,17,2024-25,Enacted 24-25 SED ATL.pdf,EDUCATION DEPARTMENT|21744|2024|5214000
EDUCATION DEPARTMENT,AID TO LOCALITIES,general fund,Local Assistance Account - 10000,21701,2024,19437926000,0,"247 12653-10-4 EDUCATION DEPARTMENT AID TO LOCALITIES 2024-25 1 to the contrary, funds appropriated herein 2 shall be available for payment of liabil- 3 ities heretofore accrued or hereafter to 4 accrue (21701) .......................... 19,437,926,000",11,4,2024-25,Enacted 24-25 SED ATL.pdf,EDUCATION DEPARTMENT|21701|2024|19437926000
EDUCATION DEPARTMENT,AID TO LOCALITIES,general fund,Local Assistance Account - 10000,21882,2024,10058338000,0,"5 For remaining 2023-24 and prior school year 6 obligations, including aid for such school 7 years payable pursuant to section 3609-d 8 of the education law, provided that 9 notwithstanding any provision of law to 10 the contrary, subject to the approval of 11 the director of the budget, funds appro- 12 priated herein may be interchanged with 13 any other item of appropriation for gener- 14 al support for public schools within the 15 general fund local assistance account 16 office of prekindergarten through grade 17 twelve education program. 18 Notwithstanding any other law, rule or regu- 19 lation to the contrary, funds appropriated 20 herein shall be available for payment of 21 financial assistance net of any disallow- 22 ances, refunds, reimbursement and credits, 23 and may be suballocated to other depart- 24 ments and agencies to accomplish the 25 intent of this appropriation subject to 26 the approval of the director of the budg- 27 et. Notwithstanding any provision of law 28 to the contrary, funds appropriated herein 29 shall be available for payment of liabil- 30 ities heretofore accrued or hereafter to 31 accrue (21882) .......................... 10,058,338,000",11,31,2024-25,Enacted 24-25 SED ATL.pdf,EDUCATION DEPARTMENT|21882|2024|10058338000
EDUCATION DEPARTMENT,AID TO LOCALITIES,general fund,Local Assistance Account - 10000,21746,2024,22033000,0,"248 12653-10-4 EDUCATION DEPARTMENT AID TO LOCALITIES 2024-25 1 any inconsistent provision of law, subject 2 to the approval of the director of the 3 budget, funds appropriated herein may be 4 interchanged with any other item of appro- 5 priation for general support for public 6 schools within the general fund local 7 assistance account office of prekindergar- 8 ten through grade twelve education 9 program. 10 Notwithstanding any other law, rule or regu- 11 lation to the contrary, funds appropriated 12 herein shall be available for payment of 13 financial assistance net of any disallow- 14 ances, refunds, reimbursement and credits, 15 and may be suballocated to other depart- 16 ments and agencies to accomplish the 17 intent of this appropriation subject to 18 the approval of the director of the budg- 19 et. Notwithstanding any provision of law 20 to the contrary, funds appropriated herein 21 shall be available for payment of liabil- 22 ities heretofore accrued or hereafter to 23 accrue (21746) .............................. 22,033,000",12,23,2024-25,Enacted 24-25 SED ATL.pdf,EDUCATION DEPARTMENT|21746|2024|22033000
EDUCATION DEPARTMENT,AID TO LOCALITIES,general fund,Local Assistance Account - 10000,21747,2024,12950000,0,"249 12653-10-4 EDUCATION DEPARTMENT AID TO LOCALITIES 2024-25 1 financial assistance net of any disallow- 2 ances, refunds, reimbursement and credits, 3 and may be suballocated to other depart- 4 ments and agencies to accomplish the 5 intent of this appropriation subject to 6 the approval of the director of the budg- 7 et. Notwithstanding any provision of law 8 to the contrary, funds appropriated herein 9 shall be available for payment of liabil- 10 ities heretofore accrued or hereafter to 11 accrue (21747) .............................. 12,950,000",13,11,2024-25,Enacted 24-25 SED ATL.pdf,EDUCATION DEPARTMENT|21747|2024|12950000
EDUCATION DEPARTMENT,AID TO LOCALITIES,general fund,Local Assistance Account - 10000,21748,2024,2300000,0,"12 Funds appropriated herein shall be available 13 in the 2024-25 school year for school 14 districts and boards of cooperative educa- 15 tional services applications for funding 16 of approved learning technology programs 17 approved by the commissioner of education, 18 including services benefiting nonpublic 19 school students, pursuant to regulations 20 promulgated by the commissioner of educa- 21 tion and approved by the director of the 22 budget. Provided, however, that the sum of 23 such grants shall not exceed $3,285,000 24 for the 2024-25 school year, and provided 25 further that, notwithstanding any incon- 26 sistent provision of law, subject to the 27 approval of the director of the budget, 28 funds appropriated herein may be inter- 29 changed with any other item of appropri- 30 ation for general support for public 31 schools within the general fund local 32 assistance account office of prekindergar- 33 ten through grade twelve education 34 program. 35 Notwithstanding any other law, rule or regu- 36 lation to the contrary, funds appropriated 37 herein shall be available for payment of 38 financial assistance net of any disallow- 39 ances, refunds, reimbursement and credits, 40 and may be suballocated to other depart- 41 ments and agencies to accomplish the 42 intent of this appropriation subject to 43 the approval of the director of the budg- 44 et. Notwithstanding any provision of law 45 to the contrary, funds appropriated herein 46 shall be available for payment of liabil- 47 ities heretofore accrued or hereafter to 48 accrue (21748) ............................... 2,300,000",13,48,2024-25,Enacted 24-25 SED ATL.pdf,EDUCATION DEPARTMENT|21748|2024|2300000
EDUCATION DEPARTMENT,AID TO LOCALITIES,general fund,Local Assistance Account - 10000,21749,2024,5827000,0,"250 12653-10-4 EDUCATION DEPARTMENT AID TO LOCALITIES 2024-25 1 education law for the 2024-25 school year, 2 provided that notwithstanding any incon- 3 sistent provision of law, subject to the 4 approval of the director of the budget, 5 funds appropriated herein may be inter- 6 changed with any other item of appropri- 7 ation for general support for public 8 schools within the general fund local 9 assistance account office of prekindergar- 10 ten through grade twelve education 11 program. 12 Notwithstanding any other law, rule or regu- 13 lation to the contrary, funds appropriated 14 herein shall be available for payment of 15 financial assistance net of any disallow- 16 ances, refunds, reimbursement and credits, 17 and may be suballocated to other depart- 18 ments and agencies to accomplish the 19 intent of this appropriation subject to 20 the approval of the director of the budg- 21 et. Notwithstanding any provision of law 22 to the contrary, funds appropriated herein 23 shall be available for payment of liabil- 24 ities heretofore accrued or hereafter to 25 accrue (21749) ............................... 5,827,000",14,25,2024-25,Enacted 24-25 SED ATL.pdf,EDUCATION DEPARTMENT|21749|2024|5827000
EDUCATION DEPARTMENT,AID TO LOCALITIES,general fund,Local Assistance Account - 10000,21750,2024,3500000,0,"251 12653-10-4 EDUCATION DEPARTMENT AID TO LOCALITIES 2024-25 1 to the contrary, funds appropriated herein 2 shall be available for payment of liabil- 3 ities heretofore accrued or hereafter to 4 accrue (21750) ............................... 3,500,000",15,4,2024-25,Enacted 24-25 SED ATL.pdf,EDUCATION DEPARTMENT|21750|2024|3500000
EDUCATION DEPARTMENT,AID TO LOCALITIES,general fund,Local Assistance Account - 10000,21751,2024,4025000,0,"5 Funds appropriated herein shall be available 6 during the 2024-25 school year for the 7 education of youth incarcerated in county 8 correctional facilities pursuant to subdi- 9 vision 13 of section 3602 of the education 10 law, provided that notwithstanding any 11 inconsistent provision of law, subject to 12 the approval of the director of the budg- 13 et, funds appropriated herein may be 14 interchanged with any other item of appro- 15 priation for general support for public 16 schools within the general fund local 17 assistance account office of prekindergar- 18 ten through grade twelve education 19 program. 20 Notwithstanding any other law, rule or regu- 21 lation to the contrary, funds appropriated 22 herein shall be available for payment of 23 financial assistance net of any disallow- 24 ances, refunds, reimbursement and credits, 25 and may be suballocated to other depart- 26 ments and agencies to accomplish the 27 intent of this appropriation subject to 28 the approval of the director of the budg- 29 et. Notwithstanding any provision of law 30 to the contrary, funds appropriated herein 31 shall be available for payment of liabil- 32 ities heretofore accrued or hereafter to 33 accrue (21751) ............................... 4,025,000",15,33,2024-25,Enacted 24-25 SED ATL.pdf,EDUCATION DEPARTMENT|21751|2024|4025000
EDUCATION DEPARTMENT,AID TO LOCALITIES,general fund,Local Assistance Account - 10000,21752,2024,34125000,0,"252 12653-10-4 EDUCATION DEPARTMENT AID TO LOCALITIES 2024-25 1 herein shall be available for payment of 2 financial assistance net of any disallow- 3 ances, refunds, reimbursement and credits, 4 and may be suballocated to other depart- 5 ments and agencies to accomplish the 6 intent of this appropriation subject to 7 the approval of the director of the budg- 8 et. Notwithstanding any provision of law 9 to the contrary, funds appropriated herein 10 shall be available for payment of liabil- 11 ities heretofore accrued or hereafter to 12 accrue (21752) .............................. 34,125,000",16,12,2024-25,Enacted 24-25 SED ATL.pdf,EDUCATION DEPARTMENT|21752|2024|34125000
EDUCATION DEPARTMENT,AID TO LOCALITIES,general fund,Local Assistance Account - 10000,21753,2024,1890000,0,"13 Funds appropriated herein shall be available 14 for building aid payable in the 2024-25 15 school years to special act school 16 districts, provided that, subject to the 17 approval of the director of the budget, 18 such funds may be used for payments to the 19 dormitory authority on behalf of eligible 20 special act school districts pursuant to 21 chapter 737 of the laws of 1988 provided 22 that, notwithstanding any inconsistent 23 provision of law, subject to the approval 24 of the director of the budget, funds 25 appropriated herein may be interchanged 26 with any other item of appropriation for 27 general support for public schools within 28 the general fund local assistance account 29 office of prekindergarten through grade 30 twelve education program. 31 Notwithstanding any other law, rule or regu- 32 lation to the contrary, funds appropriated 33 herein shall be available for payment of 34 financial assistance net of any disallow- 35 ances, refunds, reimbursement and credits, 36 and may be suballocated to other depart- 37 ments and agencies to accomplish the 38 intent of this appropriation subject to 39 the approval of the director of the budg- 40 et. Notwithstanding any provision of law 41 to the contrary, funds appropriated herein 42 shall be available for payment of liabil- 43 ities heretofore accrued or hereafter to 44 accrue (21753) ............................... 1,890,000",16,44,2024-25,Enacted 24-25 SED ATL.pdf,EDUCATION DEPARTMENT|21753|2024|1890000
EDUCATION DEPARTMENT,AID TO LOCALITIES,general fund,Local Assistance Account - 10000,21754,2024,280000,0,"253 12653-10-4 EDUCATION DEPARTMENT AID TO LOCALITIES 2024-25 1 tional services pursuant to sections 2 3650-a, 3650-b and 3650-c of the education 3 law, or for contracts directly with not- 4 for-profit educational organizations for 5 the purposes of this appropriation, 6 provided that notwithstanding any incon- 7 sistent provision of law, subject to the 8 approval of the director of the budget, 9 funds appropriated herein may be inter- 10 changed with any other item of appropri- 11 ation for general support for public 12 schools within the general fund local 13 assistance account office of prekindergar- 14 ten through grade twelve education 15 program. 16 Notwithstanding any other law, rule or regu- 17 lation to the contrary, funds appropriated 18 herein shall be available for payment of 19 financial assistance net of any disallow- 20 ances, refunds, reimbursement and credits, 21 and may be suballocated to other depart- 22 ments and agencies to accomplish the 23 intent of this appropriation subject to 24 the approval of the director of the budg- 25 et. Notwithstanding any provision of law 26 to the contrary, funds appropriated herein 27 shall be available for payment of liabil- 28 ities heretofore accrued or hereafter to 29 accrue (21754) ................................. 280,000",17,29,2024-25,Enacted 24-25 SED ATL.pdf,EDUCATION DEPARTMENT|21754|2024|280000
EDUCATION DEPARTMENT,AID TO LOCALITIES,general fund,Local Assistance Account - 10000,23485,2024,1400000,0,"254 12653-10-4 EDUCATION DEPARTMENT AID TO LOCALITIES 2024-25 1 to the contrary, funds appropriated herein 2 shall be available for payment of liabil- 3 ities heretofore accrued or hereafter to 4 accrue (23485) ............................... 1,400,000",18,4,2024-25,Enacted 24-25 SED ATL.pdf,EDUCATION DEPARTMENT|23485|2024|1400000
EDUCATION DEPARTMENT,AID TO LOCALITIES,general fund,Local Assistance Account - 10000,21755,2024,8400000,0,"5 Funds appropriated herein shall be available 6 for services and expenses of a $12,000,000 7 special academic improvement grants 8 program in the 2024-25 school year payable 9 pursuant to subdivision 11 of section 3641 10 of the education law, provided that 11 notwithstanding any provisions of law to 12 the contrary, such funds shall be paid in 13 accordance with a schedule developed by 14 the commissioner of education and approved 15 by the director of the budget provided 16 that, notwithstanding any inconsistent 17 provision of law, subject to the approval 18 of the director of the budget, funds 19 appropriated herein may be interchanged 20 with any other item of appropriation for 21 general support for public schools within 22 the general fund local assistance account 23 office of prekindergarten through grade 24 twelve education program. 25 Notwithstanding any other law, rule or regu- 26 lation to the contrary, funds appropriated 27 herein shall be available for payment of 28 financial assistance net of any disallow- 29 ances, refunds, reimbursement and credits, 30 and may be suballocated to other depart- 31 ments and agencies to accomplish the 32 intent of this appropriation subject to 33 the approval of the director of the budg- 34 et. Notwithstanding any provision of law 35 to the contrary, funds appropriated herein 36 shall be available for payment of liabil- 37 ities heretofore accrued or hereafter to 38 accrue (21755) ............................... 8,400,000",18,38,2024-25,Enacted 24-25 SED ATL.pdf,EDUCATION DEPARTMENT|21755|2024|8400000
EDUCATION DEPARTMENT,AID TO LOCALITIES,general fund,Local Assistance Account - 10000,21756,2024,50551000,0,"255 12653-10-4 EDUCATION DEPARTMENT AID TO LOCALITIES 2024-25 1 assistance account office of prekindergar- 2 ten through grade twelve education 3 program. 4 Notwithstanding any other law, rule or regu- 5 lation to the contrary, funds appropriated 6 herein shall be available for payment of 7 financial assistance net of any disallow- 8 ances, refunds, reimbursement and credits, 9 and may be suballocated to other depart- 10 ments and agencies to accomplish the 11 intent of this appropriation subject to 12 the approval of the director of the budg- 13 et. Notwithstanding any provision of law 14 to the contrary, funds appropriated herein 15 shall be available for payment of liabil- 16 ities heretofore accrued or hereafter to 17 accrue (21756) .............................. 50,551,000",19,17,2024-25,Enacted 24-25 SED ATL.pdf,EDUCATION DEPARTMENT|21756|2024|50551000
EDUCATION DEPARTMENT,AID TO LOCALITIES,general fund,Local Assistance Account - 10000,21757,2024,9688000,0,"256 12653-10-4 EDUCATION DEPARTMENT AID TO LOCALITIES 2024-25 1 et. Notwithstanding any provision of law 2 to the contrary, funds appropriated herein 3 shall be available for payment of liabil- 4 ities heretofore accrued or hereafter to 5 accrue (21757) ............................... 9,688,000",20,5,2024-25,Enacted 24-25 SED ATL.pdf,EDUCATION DEPARTMENT|21757|2024|9688000
EDUCATION DEPARTMENT,AID TO LOCALITIES,general fund,Local Assistance Account - 10000,55905,2024,1200000,0,"6 For additional school health services grants 7 to the Buffalo City School District for 8 the 2024-25 school year (55905) .............. 1,200,000",20,8,2024-25,Enacted 24-25 SED ATL.pdf,EDUCATION DEPARTMENT|55905|2024|1200000
EDUCATION DEPARTMENT,AID TO LOCALITIES,general fund,Local Assistance Account - 10000,56029,2024,1200000,0,"9 For additional school health services grants 10 to the Rochester City School District for 11 the 2024-25 school year (56029) .............. 1,200,000",20,11,2024-25,Enacted 24-25 SED ATL.pdf,EDUCATION DEPARTMENT|56029|2024|1200000
EDUCATION DEPARTMENT,AID TO LOCALITIES,general fund,Local Assistance Account - 10000,21759,2024,17500000,0,"257 12653-10-4 EDUCATION DEPARTMENT AID TO LOCALITIES 2024-25 1 Notwithstanding any other law, rule or regu- 2 lation to the contrary, funds appropriated 3 herein shall be available for payment of 4 financial assistance net of any disallow- 5 ances, refunds, reimbursement and credits, 6 and may be suballocated to other depart- 7 ments and agencies to accomplish the 8 intent of this appropriation subject to 9 the approval of the director of the budg- 10 et. Notwithstanding any provision of law 11 to the contrary, funds appropriated herein 12 shall be available for payment of liabil- 13 ities heretofore accrued or hereafter to 14 accrue (21759) .............................. 17,500,000",21,14,2024-25,Enacted 24-25 SED ATL.pdf,EDUCATION DEPARTMENT|21759|2024|17500000
EDUCATION DEPARTMENT,AID TO LOCALITIES,general fund,Local Assistance Account - 10000,21762,2024,96000000,0,"15 For payment of employment preparation educa- 16 tion aid for the 2024-25 school year 17 pursuant to paragraph e of subdivision 11 18 of section 3602 of the education law. 19 Notwithstanding any provision of law to the 20 contrary, funds appropriated herein may be 21 suballocated, subject to the approval of 22 the director of the budget, to other 23 departments and agencies to accomplish the 24 intent of this appropriation and subject 25 to the approval of the director of the 26 budget, such funds shall be available to 27 the department net of disallowances, 28 refunds, reimbursements and credits. 29 Funds appropriated herein shall be consid- 30 ered general support for public schools. 31 Notwithstanding any provision of law to 32 the contrary, funds appropriated herein 33 may be interchanged with any other item of 34 appropriation for general support for 35 public schools within the general fund 36 local assistance account office of prekin- 37 dergarten through grade twelve education 38 program. Notwithstanding any provision of 39 law to the contrary, funds appropriated 40 herein shall be available for payment of 41 liabilities heretofore accrued or hereaft- 42 er to accrue (21762) ........................ 96,000,000",21,42,2024-25,Enacted 24-25 SED ATL.pdf,EDUCATION DEPARTMENT|21762|2024|96000000
EDUCATION DEPARTMENT,AID TO LOCALITIES,general fund,Local Assistance Account - 10000,23346,2024,2000000,0,"258 12653-10-4 EDUCATION DEPARTMENT AID TO LOCALITIES 2024-25 1 shall be allocated only pursuant to a plan 2 (i) approved by the temporary president of 3 the senate and the director of the budget 4 which sets forth either an itemized list 5 of grantees with the amount to be received 6 by each, or the methodology for allocating 7 such appropriation, and (ii) which is 8 thereafter included in a senate resolution 9 calling for the expenditure of such funds, 10 which resolution must be approved by a 11 majority vote of all members elected to 12 the senate upon a roll call vote (23346) ..... 2,000,000",22,12,2024-25,Enacted 24-25 SED ATL.pdf,EDUCATION DEPARTMENT|23346|2024|2000000
EDUCATION DEPARTMENT,AID TO LOCALITIES,general fund,Local Assistance Account - 10000,56043,2024,12000000,0,"13 For services and expenses of the Yonkers 14 City School District (56043) ................ 12,000,000",22,14,2024-25,Enacted 24-25 SED ATL.pdf,EDUCATION DEPARTMENT|56043|2024|12000000
EDUCATION DEPARTMENT,AID TO LOCALITIES,general fund,Local Assistance Account - 10000,23328,2024,175000,0,"15 For services and expenses of the Amityville 16 Union Free School District ................... 2,000,000 17 For services and expenses of the Hempstead 18 Union Free School District (23328) ............. 175,000",22,18,2024-25,Enacted 24-25 SED ATL.pdf,EDUCATION DEPARTMENT|23328|2024|175000
EDUCATION DEPARTMENT,AID TO LOCALITIES,general fund,Local Assistance Account - 10000,56042,2024,175000,0,"19 For services and expenses of the Wyandanch 20 Union Free School District (56042) ............. 175,000",22,20,2024-25,Enacted 24-25 SED ATL.pdf,EDUCATION DEPARTMENT|56042|2024|175000
EDUCATION DEPARTMENT,AID TO LOCALITIES,general fund,Local Assistance Account - 10000,23329,2024,175000,0,"21 For services and expenses of the Rochester 22 City School District (23329) ................... 175,000",22,22,2024-25,Enacted 24-25 SED ATL.pdf,EDUCATION DEPARTMENT|23329|2024|175000
EDUCATION DEPARTMENT,AID TO LOCALITIES,general fund,Local Assistance Account - 10000,55949,2024,225000,0,"23 For services and expenses of the East Ramapo 24 Central School District (55949) ................ 225,000",22,24,2024-25,Enacted 24-25 SED ATL.pdf,EDUCATION DEPARTMENT|55949|2024|225000
EDUCATION DEPARTMENT,AID TO LOCALITIES,general fund,Local Assistance Account - 10000,55907,2024,150000000,0,"260 12653-10-4 EDUCATION DEPARTMENT AID TO LOCALITIES 2024-25 1 year, as defined by paragraph (a) of 2 subdivision 1 of section 2856 of the 3 education law. Provided that notwithstand- 4 ing any provision of law to the contrary, 5 for expenses incurred in the 2023-24 6 school year, for a city school district in 7 a city having a population of one million 8 or more, the annual apportionment shall be 9 reduced by $35,000,000 upon certification 10 by the director of the budget of the 11 availability of a grant in the same amount 12 from the elementary and secondary school 13 emergency relief funds provided through 14 the American rescue plan act of 2021 (P.L. 15 117-2) (55907) ............................. 150,000,000",24,15,2024-25,Enacted 24-25 SED ATL.pdf,EDUCATION DEPARTMENT|55907|2024|150000000
EDUCATION DEPARTMENT,AID TO LOCALITIES,general fund,Local Assistance Account - 10000,55971,2024,120000000,0,"16 For charter schools facilities aid for the 17 2023-24 school year and prior school years 18 pursuant to subdivision 6-g of section 19 3602 of the education law (55971) .......... 120,000,000",24,19,2024-25,Enacted 24-25 SED ATL.pdf,EDUCATION DEPARTMENT|55971|2024|120000000
EDUCATION DEPARTMENT,AID TO LOCALITIES,general fund,Local Assistance Account - 10000,23317,2024,2500000,0,"23 For additional services and expenses related 24 to nonpublic school STEM programs (23317) .... 2,500,000",32,24,2024-25,Enacted 24-25 SED ATL.pdf,EDUCATION DEPARTMENT|23317|2024|2500000
EDUCATION DEPARTMENT,AID TO LOCALITIES,general fund,Local Assistance Account - 10000,55965,2024,1000000,0,"25 For additional mandated services and 26 expenses of the costs of complying with 27 the State School Immunization Program 28 (SSIP) for the 2023-24 school year; 29 provided further that the department of 30 health in consultation with the state 31 education department shall create a proc- 32 ess to certify compliance with SSIP and 33 such process shall be in place July 1, 34 2024. Schools shall certify compliance 35 with such process prior to receiving the 36 funds appropriated herein (55965) ............ 1,000,000",32,36,2024-25,Enacted 24-25 SED ATL.pdf,EDUCATION DEPARTMENT|55965|2024|1000000
EDUCATION DEPARTMENT,AID TO LOCALITIES,special revenue funds-federal,Local Assistance Account - 10000,21705,2024,93700000,0,"269 12653-10-4 EDUCATION DEPARTMENT AID TO LOCALITIES 2024-25 1 by the commissioner and approved by the 2 director of the budget. 3 Of the amounts appropriated herein, up to 4 $84,700,000 shall be available for 5 reimbursement to school districts for the 6 tuition costs of students attending 7 schools for the blind and deaf during the 8 2023-24 school year pursuant to subdivi- 9 sion 2 of section 4204 of the education 10 law and subdivision 2 of section 4207 of 11 the education law, and up to $9,000,000 12 shall be available for remaining allowable 13 purposes. 14 Provided further that, notwithstanding any 15 inconsistent provision of law, upon 16 disbursement of funds appropriated for 17 allowances to schools for the blind and 18 deaf in the individuals with disabilities 19 program special revenue funds-federal/aid 20 to localities for purposes of this appro- 21 priation, funds appropriated herein shall 22 be reduced in an amount equivalent to such 23 disbursement and the portion of this 24 appropriation so affected shall have no 25 further force or effect. 26 Notwithstanding any provision of the law to 27 the contrary, funds appropriated herein 28 shall be available for payment of liabil- 29 ities heretofore accrued or hereafter to 30 accrue and, subject to the approval of the 31 director of the budget, such funds shall 32 be available to the department net of 33 disallowances, refunds, reimbursements and 34 credits (21705) ............................. 93,700,000",33,34,2024-25,Enacted 24-25 SED ATL.pdf,EDUCATION DEPARTMENT|21705|2024|93700000
EDUCATION DEPARTMENT,AID TO LOCALITIES,special revenue funds-federal,Local Assistance Account - 10000,55933,2024,1500000,0,"270 12653-10-4 EDUCATION DEPARTMENT AID TO LOCALITIES 2024-25 1 education law based on a three year aver- 2 age of the schools' FTE enrollment (55933) ... 1,500,000",34,2,2024-25,Enacted 24-25 SED ATL.pdf,EDUCATION DEPARTMENT|55933|2024|1500000
EDUCATION DEPARTMENT,AID TO LOCALITIES,special revenue funds-federal,Local Assistance Account - 10000,55934,2024,903000,0,"3 For services and expenses of the New York 4 School for the Deaf for the 2024-25 school 5 year (55934) ................................... 903,000",34,5,2024-25,Enacted 24-25 SED ATL.pdf,EDUCATION DEPARTMENT|55934|2024|903000
EDUCATION DEPARTMENT,AID TO LOCALITIES,special revenue funds-federal,Local Assistance Account - 10000,55910,2024,903000,0,"6 For services and expenses of the Henry 7 Viscardi School for the 2024-25 school 8 year (55910) ................................... 903,000",34,8,2024-25,Enacted 24-25 SED ATL.pdf,EDUCATION DEPARTMENT|55910|2024|903000
EDUCATION DEPARTMENT,AID TO LOCALITIES,special revenue funds-federal,Local Assistance Account - 10000,55995,2024,500000,0,"9 For services and expenses of the Lexington 10 School for the Deaf for the 2024-25 school 11 year ........................................... 903,000 12 For services and expenses of the Mill Neck 13 Manor School for the Deaf for the 2024-25 14 school year (55995) ............................ 500,000",34,14,2024-25,Enacted 24-25 SED ATL.pdf,EDUCATION DEPARTMENT|55995|2024|500000
EDUCATION DEPARTMENT,AID TO LOCALITIES,special revenue funds-federal,Local Assistance Account - 10000,23338,2024,500000,0,"15 For services and expenses of the Cleary 16 School for the Deaf for the 2024-25 school 17 year (23338) ................................... 500,000",34,17,2024-25,Enacted 24-25 SED ATL.pdf,EDUCATION DEPARTMENT|23338|2024|500000
EDUCATION DEPARTMENT,AID TO LOCALITIES,special revenue funds-federal,Local Assistance Account - 10000,23385,2024,150000,0,"18 For services and expenses of the Rochester 19 School for the Deaf for the 2024-25 school 20 year ........................................... 300,000 21 For services and expenses of the St. Francis 22 de Sales School for the Deaf for the 23 2024-25 school year (23385) .................... 150,000",34,23,2024-25,Enacted 24-25 SED ATL.pdf,EDUCATION DEPARTMENT|23385|2024|150000
EDUCATION DEPARTMENT,AID TO LOCALITIES,special revenue funds-federal,Local Assistance Account - 10000,23395,2024,150000,0,"24 For services and expenses of the St. Mary's 25 School for the Deaf for the 2024-25 school 26 year (23395) ................................... 150,000",34,26,2024-25,Enacted 24-25 SED ATL.pdf,EDUCATION DEPARTMENT|23395|2024|150000
EDUCATION DEPARTMENT,AID TO LOCALITIES,special revenue funds-federal,Local Assistance Account - 10000,21707,2024,404000000,0,"271 12653-10-4 EDUCATION DEPARTMENT AID TO LOCALITIES 2024-25 1 more than 45 percent of this appropri- 2 ation, and provided further that no claim 3 shall be set aside for insufficiency of 4 funds to make a complete payment, but 5 shall be eligible for a partial payment in 6 one year and shall retain its priority 7 date status for subsequent appropriations 8 designated for such purposes. Notwith- 9 standing any inconsistent provision of 10 law, funds appropriated herein shall only 11 be available for liabilities incurred 12 prior to July 1, 2025, shall be used to 13 pay 2023-24 school year claims in the 14 first instance, and represent the maximum 15 amount payable during the 2024-25 state 16 fiscal year. 17 Notwithstanding any provision of law to the 18 contrary, funds appropriated herein shall 19 be available for payment of liabilities 20 heretofore accrued or hereafter to accrue 21 and, subject to the approval of the direc- 22 tor of the budget, such funds shall be 23 available to the department net of disal- 24 lowances, refunds, reimbursements and 25 credits (21707) ............................ 404,000,000",35,25,2024-25,Enacted 24-25 SED ATL.pdf,EDUCATION DEPARTMENT|21707|2024|404000000
EDUCATION DEPARTMENT,AID TO LOCALITIES,special revenue funds-federal,Local Assistance Account - 10000,21706,2024,1035000000,0,"272 12653-10-4 EDUCATION DEPARTMENT AID TO LOCALITIES 2024-25 1 lowances, refunds, reimbursements and 2 credits (21706) .......................... 1,035,000,000",36,2,2024-25,Enacted 24-25 SED ATL.pdf,EDUCATION DEPARTMENT|21706|2024|1035000000
EDUCATION DEPARTMENT,AID TO LOCALITIES,special revenue funds-federal,Local Assistance Account - 10000,55938,2024,17180000,0,"3 Notwithstanding any inconsistent provision 4 of law, funding made available by this 5 appropriation shall support direct salary 6 costs and related fringe benefits associ- 7 ated with any minimum wage increase that 8 takes effect on or after December 31, 9 2016, pursuant to section 652 of the labor 10 law. Organizations eligible for funding 11 made available by this appropriation shall 12 be limited to special act school districts 13 and those that are required to file a 14 consolidated fiscal report with the state 15 education department and provide preschool 16 and school-age special education services 17 under articles 81, 85 and 89 of the educa- 18 tion law. Each eligible organization in 19 receipt of funding made available by this 20 appropriation shall submit written certif- 21 ication, in such form and at such time as 22 the commissioner shall prescribe, attest- 23 ing to how such funding will be or was 24 used for purposes eligible under this 25 appropriation. Notwithstanding any incon- 26 sistent provision of law, and subject to 27 the approval of the director of the budg- 28 et, the amounts appropriated herein may be 29 increased or decreased by interchange or 30 transfer to any local assistance appropri- 31 ation of the state education department 32 (55938) ..................................... 17,180,000",36,32,2024-25,Enacted 24-25 SED ATL.pdf,EDUCATION DEPARTMENT|55938|2024|17180000
EDUCATION DEPARTMENT,AID TO LOCALITIES,special revenue funds-federal,Local Assistance Account - 10000,21792,2024,500000,0,"15 For additional services and expenses of the 16 center for autism and related disabilities 17 at the state university of New York at 18 Albany (21792) ................................. 500,000",38,18,2024-25,Enacted 24-25 SED ATL.pdf,EDUCATION DEPARTMENT|21792|2024|500000
EDUCATION DEPARTMENT,AID TO LOCALITIES,special revenue funds-federal,Local Assistance Account - 10000,21802,2024,1500000,0,"42 For additional reimbursement of services and 43 expenses for the consortium for worker 44 education (CWE)(21802) ....................... 1,500,000",38,44,2024-25,Enacted 24-25 SED ATL.pdf,EDUCATION DEPARTMENT|21802|2024|1500000
EDUCATION DEPARTMENT,AID TO LOCALITIES,special revenue funds-federal,Local Assistance Account - 10000,21733,2024,1000000,0,"13 For services and expenses of the Executive 14 Leadership Institute (21733) ................. 1,000,000",39,14,2024-25,Enacted 24-25 SED ATL.pdf,EDUCATION DEPARTMENT|21733|2024|1000000
EDUCATION DEPARTMENT,AID TO LOCALITIES,special revenue funds-federal,Local Assistance Account - 10000,23319,2024,500000,0,"15 For services and expenses of the Magellan 16 Foundation, Inc. (23319) ....................... 500,000",39,16,2024-25,Enacted 24-25 SED ATL.pdf,EDUCATION DEPARTMENT|23319|2024|500000
EDUCATION DEPARTMENT,AID TO LOCALITIES,special revenue funds-federal,Local Assistance Account - 10000,23449,2024,1868000,0,"19 For services and expenses of the Hillside 20 Children's Center .............................. 100,000 21 For payment of small government assistance 22 to school districts pursuant to subdivi- 23 sion 7 of section 3641 of the education 24 law on or before March 31, 2025 upon audit 25 and warrant of the comptroller in the 26 amount that small government assistance 27 was paid to school districts in state 28 fiscal year 2010-11 (23449) .................. 1,868,000",40,28,2024-25,Enacted 24-25 SED ATL.pdf,EDUCATION DEPARTMENT|23449|2024|1868000
EDUCATION DEPARTMENT,AID TO LOCALITIES,special revenue funds-federal,Local Assistance Account - 10000,23348,2024,250000,0,"39 For services and expenses of the Fund for 40 the City of New York - Promise Project 41 (23348) ........................................ 250,000",40,41,2024-25,Enacted 24-25 SED ATL.pdf,EDUCATION DEPARTMENT|23348|2024|250000
EDUCATION DEPARTMENT,AID TO LOCALITIES,special revenue funds-federal,Local Assistance Account - 10000,56150,2024,500000,0,"42 For services and expenses of United Communi- 43 ty Schools, Incorporated (56150) ............... 500,000",40,43,2024-25,Enacted 24-25 SED ATL.pdf,EDUCATION DEPARTMENT|56150|2024|500000
EDUCATION DEPARTMENT,AID TO LOCALITIES,special revenue funds-federal,Local Assistance Account - 10000,23323,2024,750000,0,"44 For services and expenses of the Long Island 45 Pre-K Initiative operated by Nassau BOCES 46 (23323) ........................................ 750,000",40,46,2024-25,Enacted 24-25 SED ATL.pdf,EDUCATION DEPARTMENT|23323|2024|750000
EDUCATION DEPARTMENT,AID TO LOCALITIES,special revenue funds-federal,Local Assistance Account - 10000,23349,2024,1685000,0,"47 For services and expenses of the Mind Build- 48 ers Creative Arts Center (23349) ............. 1,685,000",40,48,2024-25,Enacted 24-25 SED ATL.pdf,EDUCATION DEPARTMENT|23349|2024|1685000
EDUCATION DEPARTMENT,AID TO LOCALITIES,special revenue funds-federal,Local Assistance Account - 10000,23350,2024,250000,0,"49 For services and expenses of the Queens 50 College Townsend Harris High School 51 (23350) ........................................ 250,000",40,51,2024-25,Enacted 24-25 SED ATL.pdf,EDUCATION DEPARTMENT|23350|2024|250000
EDUCATION DEPARTMENT,AID TO LOCALITIES,special revenue funds-federal,Local Assistance Account - 10000,23351,2024,400000,0,"277 12653-10-4 EDUCATION DEPARTMENT AID TO LOCALITIES 2024-25 1 For services and expenses of the BioBus, 2 Inc. (23351) ................................... 400,000",41,2,2024-25,Enacted 24-25 SED ATL.pdf,EDUCATION DEPARTMENT|23351|2024|400000
EDUCATION DEPARTMENT,AID TO LOCALITIES,special revenue funds-federal,Local Assistance Account - 10000,23320,2024,50000,0,"3 For services and expenses of the Long Island 4 Latino Teachers Association (23320) ............. 50,000",41,4,2024-25,Enacted 24-25 SED ATL.pdf,EDUCATION DEPARTMENT|23320|2024|50000
EDUCATION DEPARTMENT,AID TO LOCALITIES,special revenue funds-federal,Local Assistance Account - 10000,23356,2024,650000,0,"5 For services and expenses of NYC Kids RISE, 6 Inc (23356) .................................... 650,000",41,6,2024-25,Enacted 24-25 SED ATL.pdf,EDUCATION DEPARTMENT|23356|2024|650000
EDUCATION DEPARTMENT,AID TO LOCALITIES,special revenue funds-federal,Local Assistance Account - 10000,23386,2024,250000,0,"7 For services and expenses of the Universal 8 Hip Hop Museum (23386) ......................... 250,000",41,8,2024-25,Enacted 24-25 SED ATL.pdf,EDUCATION DEPARTMENT|23386|2024|250000
EDUCATION DEPARTMENT,AID TO LOCALITIES,special revenue funds-federal,Local Assistance Account - 10000,23396,2024,100000,0,"9 For services and expenses of the Cultural 10 Museum of African Art, Inc (23396) ............. 100,000",41,10,2024-25,Enacted 24-25 SED ATL.pdf,EDUCATION DEPARTMENT|23396|2024|100000
EDUCATION DEPARTMENT,AID TO LOCALITIES,special revenue funds-federal,Local Assistance Account - 10000,23397,2024,100000,0,"11 For services and expenses of the Center for 12 Jewish History, Inc (23397) .................... 100,000",41,12,2024-25,Enacted 24-25 SED ATL.pdf,EDUCATION DEPARTMENT|23397|2024|100000
EDUCATION DEPARTMENT,AID TO LOCALITIES,special revenue funds-federal,Local Assistance Account - 10000,57000,2024,150000,0,"13 For services and expenses of the Dia Art 14 Foundation (57000) ............................. 150,000",41,14,2024-25,Enacted 24-25 SED ATL.pdf,EDUCATION DEPARTMENT|57000|2024|150000
EDUCATION DEPARTMENT,AID TO LOCALITIES,special revenue funds-federal,Local Assistance Account - 10000,57001,2024,200000,0,"15 For services and expenses of Education 16 Through Music, Inc (57001) ..................... 200,000",41,16,2024-25,Enacted 24-25 SED ATL.pdf,EDUCATION DEPARTMENT|57001|2024|200000
EDUCATION DEPARTMENT,AID TO LOCALITIES,special revenue funds-federal,Local Assistance Account - 10000,57003,2024,75000,0,"17 For services and expenses of the Storm King 18 Arts Center (57003) ............................. 75,000",41,18,2024-25,Enacted 24-25 SED ATL.pdf,EDUCATION DEPARTMENT|57003|2024|75000
EDUCATION DEPARTMENT,AID TO LOCALITIES,special revenue funds-federal,Local Assistance Account - 10000,23330,2024,500000,0,"19 For services and expenses of the Center for 20 Educational Innovation (23330) ................. 500,000",41,20,2024-25,Enacted 24-25 SED ATL.pdf,EDUCATION DEPARTMENT|23330|2024|500000
EDUCATION DEPARTMENT,AID TO LOCALITIES,special revenue funds-federal,Local Assistance Account - 10000,57004,2024,150000,0,"21 For services and expenses of the Underground 22 Railroad Education Center (57004) .............. 150,000",41,22,2024-25,Enacted 24-25 SED ATL.pdf,EDUCATION DEPARTMENT|57004|2024|150000
EDUCATION DEPARTMENT,AID TO LOCALITIES,special revenue funds-federal,Local Assistance Account - 10000,57005,2024,240000,0,"23 For services and expenses of Future Giants 24 for the advancing classroom technology 25 program (57005) ................................ 240,000",41,25,2024-25,Enacted 24-25 SED ATL.pdf,EDUCATION DEPARTMENT|57005|2024|240000
EDUCATION DEPARTMENT,AID TO LOCALITIES,special revenue funds-federal,Local Assistance Account - 10000,57007,2024,150000,0,"26 For services and expenses of BRIC Arts Media 27 BKLYN, Inc (57007) ............................. 150,000",41,27,2024-25,Enacted 24-25 SED ATL.pdf,EDUCATION DEPARTMENT|57007|2024|150000
EDUCATION DEPARTMENT,AID TO LOCALITIES,special revenue funds-federal,Local Assistance Account - 10000,23483,2024,14500000,0,"278 12653-10-4 EDUCATION DEPARTMENT AID TO LOCALITIES 2024-25 1 director of the budget which sets forth 2 either an itemized list of grantees with 3 the amount to be received by each, or the 4 methodology for allocating such appropri- 5 ation, and (ii) which is thereafter 6 included in a senate resolution calling 7 for the expenditure of such funds, which 8 resolution must be approved by a majority 9 vote of all members elected to the senate 10 upon a roll call vote (23483) ............... 14,500,000",42,10,2024-25,Enacted 24-25 SED ATL.pdf,EDUCATION DEPARTMENT|23483|2024|14500000
EDUCATION DEPARTMENT,AID TO LOCALITIES,special revenue funds-federal,Local Assistance Account - 10000,23482,2024,10000000,0,"11 For additional grants in aid to certain 12 school districts, public libraries, not- 13 for-profit institutions and public 14 colleges and universities. 15 Notwithstanding any provision of law to the 16 contrary, the amounts appropriated herein 17 may be suballocated or transferred between 18 other agencies, including the city univer- 19 sity of New York, state university of New 20 York, and New York state council on the 21 arts, with the approval of the speaker of 22 the assembly and the director of the budg- 23 et. Notwithstanding section 24 of the 24 state finance law or any provision of law 25 to the contrary, funds from this appropri- 26 ation shall be allocated only pursuant to 27 a plan (i) approved by the speaker of the 28 assembly and the director of the budget 29 which sets forth either an itemized list 30 of grantees with the amount to be received 31 by each, or the methodology for allocating 32 such appropriation, and (ii) which is 33 thereafter included in an assembly resol- 34 ution calling for the expenditure of such 35 funds, which resolution must be approved 36 by a majority vote of all members elected 37 to the assembly upon a roll call vote 38 (23482) ..................................... 10,000,000",42,38,2024-25,Enacted 24-25 SED ATL.pdf,EDUCATION DEPARTMENT|23482|2024|10000000
EDUCATION DEPARTMENT,AID TO LOCALITIES,special revenue funds-federal,Local Assistance Account - 10000,23446,2024,150000,0,"40 For services and expenses of the Holocaust 41 and Human Rights Education Center .............. 100,000 42 For services and expenses of the Profes- 43 sional Performing Arts School NYC .............. 632,000 44 For services and expenses of the Organiza- 45 cion Latino Americana of Eastern Long 46 Island .......................................... 50,000 47 For services and expenses of the Project 48 Witness Program (23446) ........................ 150,000",43,48,2024-25,Enacted 24-25 SED ATL.pdf,EDUCATION DEPARTMENT|23446|2024|150000
EDUCATION DEPARTMENT,AID TO LOCALITIES,Special Revenue Funds - Other,Charter School Stimulus Account - 20601,21700,2024,20000000,0,"286 12653-10-4 EDUCATION DEPARTMENT AID TO LOCALITIES 2024-25 1 Program account subtotal ............... 1,899,190,000 2 -------------- 3 Special Revenue Funds - Other 4 Charter School Stimulus Fund 5 Charter School Stimulus Account - 20601 6 For services and expenses related to devel- 7 opment, implementation and operation of 8 charter schools, including facility costs 9 and loans to authorized schools, and 10 including funds available for transfer for 11 the administrative/technical support 12 services provided by the charter school 13 institute of the state university of New 14 York. This appropriation shall only be 15 available for expenditure upon the 16 approval of an expenditure plan by the 17 director of the budget (21700) .............. 20,000,000",50,17,2024-25,Enacted 24-25 SED ATL.pdf,EDUCATION DEPARTMENT|21700|2024|20000000
EDUCATION DEPARTMENT,AID TO LOCALITIES,Special Revenue Funds - Other,Charter School Stimulus Account - 20601,55926,2024,120000,0,"18 -------------- 19 Program account subtotal .................. 20,000,000 20 -------------- 21 Special Revenue Funds - Other 22 Combined Expendable Trust Fund 23 New York State Teen Health Education Account - 20200 24 For teen health education, pursuant to 25 section 99-u of the state finance law 26 (55926) ........................................ 120,000",50,26,2024-25,Enacted 24-25 SED ATL.pdf,EDUCATION DEPARTMENT|55926|2024|120000
EDUCATION DEPARTMENT,AID TO LOCALITIES,Special Revenue Funds - Other,Charter School Stimulus Account - 20601,23367,2024,1039800000,0,"27 -------------- 28 Program account subtotal ..................... 120,000 29 -------------- 30 Special Revenue Funds - Other 31 Mobile Sports Wagering Fund 32 Mobile Sports Wagering Account - 24955 33 For general support for public schools for 34 the 2024-25 school year pursuant to 35 section 1367 of the racing, pari-mutuel 36 wagering and breeding law and section 92-c 37 of the state finance law (23367) ......... 1,039,800,000",50,37,2024-25,Enacted 24-25 SED ATL.pdf,EDUCATION DEPARTMENT|23367|2024|1039800000
EDUCATION DEPARTMENT,AID TO LOCALITIES,Special Revenue Funds - Other,State Lottery Account - 20901,56140,2024,121900000,0,"287 12653-10-4 EDUCATION DEPARTMENT AID TO LOCALITIES 2024-25 1 For general support for public schools for 2 the 2024-25 school year pursuant to para- 3 graph b of subdivision 5 of section 4 97-nnnn of the state finance law (56140) ... 121,900,000",51,4,2024-25,Enacted 24-25 SED ATL.pdf,EDUCATION DEPARTMENT|56140|2024|121900000
EDUCATION DEPARTMENT,AID TO LOCALITIES,Special Revenue Funds - Other,State Lottery Account - 20901,21735,2024,2566980000,0,"5 -------------- 6 Program account subtotal ................. 121,900,000 7 -------------- 8 Special Revenue Funds - Other 9 State Lottery Fund 10 State Lottery Account - 20901 11 For general support for public schools for 12 the 2024-25 school year, provided that, 13 notwithstanding any other provision of law 14 to the contrary, in computing the addi- 15 tional lottery grant pursuant to subpara- 16 graph (4) of paragraph b of subdivision 4 17 of section 92-c of the state finance law 18 for the 2024-25 school year, the base 19 grant shall not exceed $2,566,980,000 20 (21735) .................................. 2,566,980,000",51,20,2024-25,Enacted 24-25 SED ATL.pdf,EDUCATION DEPARTMENT|21735|2024|2566980000
EDUCATION DEPARTMENT,AID TO LOCALITIES,Special Revenue Funds - Other,State Lottery Account - 20901,23460,2024,20000,0,"21 For allowances to private schools for the 22 blind and deaf for the 2024-25 school year 23 (23460) ......................................... 20,000",51,23,2024-25,Enacted 24-25 SED ATL.pdf,EDUCATION DEPARTMENT|23460|2024|20000
EDUCATION DEPARTMENT,AID TO LOCALITIES,Special Revenue Funds - Other,State Lottery Account - 20901,23495,2024,240000000,0,"24 For general support for public schools, for 25 the June 2023-24 school year payment 26 (23495) .................................... 240,000,000",51,26,2024-25,Enacted 24-25 SED ATL.pdf,EDUCATION DEPARTMENT|23495|2024|240000000
EDUCATION DEPARTMENT,AID TO LOCALITIES,Special Revenue Funds - Other,State Lottery Account - 20901,23494,2024,1096000000,0,"27 -------------- 28 Program account subtotal ............... 2,807,000,000 29 -------------- 30 Special Revenue Funds - Other 31 State Lottery Fund 32 VLT Education Account - 20904 33 For general support for public schools for 34 the 2024-25 school year pursuant to 35 subparagraph (2-a) of paragraph b of 36 subdivision 4 of section 92-c of the state 37 finance law (23494) ...................... 1,096,000,000",51,37,2024-25,Enacted 24-25 SED ATL.pdf,EDUCATION DEPARTMENT|23494|2024|1096000000
EDUCATION DEPARTMENT,AID TO LOCALITIES,Special Revenue Funds - Other,State Lottery Account - 20901,21709,2024,1575393000,0,"288 12653-10-4 EDUCATION DEPARTMENT AID TO LOCALITIES 2024-25 1 For payments to local governments relating 2 to the school tax relief (STAR) program 3 including state aid pursuant to section 4 1306-a of the real property tax law. Up 5 to $5,000,000 of the funds appropriated 6 hereby may be suballocated or transferred 7 to the department of taxation and finance 8 for the purpose of making direct payments 9 to certain property owners from the 10 account established pursuant to subpara- 11 graph (iii) of paragraph (a) of subdivi- 12 sion 14 of section 425 of the real proper- 13 ty tax law (21709) ....................... 1,575,393,000",52,13,2024-25,Enacted 24-25 SED ATL.pdf,EDUCATION DEPARTMENT|21709|2024|1575393000
